Artist,Title,Year,Sales,Streams,Rating
"Bill Haley & his Comets","Rock Around the Clock",1955,36503,19961,0.760
"Celine Dion","My Heart Will Go On",1998,35405,12636,3.610
"Sinead O'Connor","Nothing Compares 2 U",1990,35135,14582,2.733
"The Beatles","Hey Jude",1968,34442,25545,1.510
"Bryan Adams","(Everything I Do) I Do it For You",1991,34367,16523,3.121
"Whitney Houston","I Will Always Love You",1992,34112,14873,4.460
"Pink Floyd","Another Brick in the Wall (part 2)",1980,3202,13081,1.553
"Irene Cara","Flashdance... What a Feeling",1983,31305,1518,2.686
"Elton John","Candle in the Wind '97",1997,31054,7412,3.189
"The Rolling Stones","(I Can't Get No) Satisfaction",1965,31054,22926,0.556
"Coolio","Gangsta's Paradise",1995,30822,11036,1.073
"Eminem","Lose Yourself",2002,30554,12994,2.083
"Cher","Believe",1998,30065,9418,1.872
"Usher","Yeah!",2004,29535,14647,1.000
"The Beatles","Let it Be",1970,29443,16881,2.231
"Procol Harum","A Whiter Shade of Pale",1967,29428,12018,0.558
"Bee Gees","Stayin' Alive",1978,29347,1616,0.571
"Leona Lewis","Bleeding Love",2008,29316,9512,1.076
"The Police","Every Breath You Take",1983,28976,17905,1.177
"Kim Carnes","Bette Davis Eyes",1981,28919,16184,1.500
"Rihanna & Jay-Z","Umbrella",2007,28653,11117,1.611
"George Harrison","My Sweet Lord",1971,27598,11705,1.085
"Abba","Dancing Queen",1976,27582,1363,0.537
"P Diddy & Faith Evans","I'll Be Missing You",1997,27543,684,2.771
"Britney Spears","Baby One More Time",1999,27487,6937,1.853
"The Beatles","I Want to Hold Your Hand",1964,2747,23042,1.010
"Michael Jackson","Billie Jean",1983,27395,12399,1.010
"Bobby Darin","Mack the Knife",1959,2733,1936,0.550
"John Travolta & Olivia Newton-John","You're the One That I Want",1978,2679,8046,0.555
"USA For Africa","We Are the World",1985,26681,10855,1.510
"Hanson","Mmmbop",1997,26574,6804,3.548
"Madonna","Vogue",1990,26504,9586,2.701
"Spice Girls","Wannabe",1996,26329,6756,1.740
"Roy Orbison","Oh, Pretty Woman",1964,26309,16859,0.010
"Eminem","Without Me",2002,26225,8266,2.233
"The Village People","YMCA",1978,25951,8885,0.653
"Stevie Wonder","I Just Called to Say I Love You",1984,25939,876,0.833
"George Michael","Careless Whisper",1984,2589,12439,0.750
"John Lennon","Imagine",1971,25732,14567,1.119
"Survivor","Eye of the Tiger",1982,25708,12265,0.554
"Los Del Rio","Macarena",1996,25687,9313,3.093
"Elvis Presley","Are You Lonesome Tonight?",1960,25657,12057,0.010
"UB40","Can't Help Falling in Love",1993,25587,8814,3.032
"OutKast","Hey Ya!",2003,25543,13645,1.972
"Queen","Bohemian Rhapsody",1976,25468,11819,0.538
"Barbra Streisand","A Woman in Love",1980,25365,8126,0.511
"Katy Perry","I Kissed A Girl",2008,25365,6004,0.591
"Elvis Presley","It's Now Or Never",1960,25254,9789,0.667
"No Doubt","Don't Speak",1997,25142,6687,1.673
"Shakira & Wyclef Jean","Hips don't lie",2006,2509,8296,1.282
"50 Cent","In Da Club",2003,25013,10576,0.518
"Kylie Minogue","Can't Get You Out of My Head",2001,24965,5893,1.928
"The Black Eyed Peas","Where is the Love?",2003,24945,6886,1.550
"The Rolling Stones","Angie",1973,24602,8793,1.033
"Mungo Jerry","In the Summertime",1970,24345,8963,0.547
"Vaughn Monroe","(Ghost) Riders in the Sky",1949,24324,12371,0.583
"Lady GaGa","Poker Face",2009,2427,8619,0.571
"Ace of Base","The Sign",1994,24202,9274,3.833
"Carl Douglas","Kung Fu Fighting",1974,24144,7882,0.587
"Justin Timberlake","Sexyback",2006,24062,908,2.571
"Madonna","Hung Up",2005,23935,6452,2.650
"Elvis Presley","Jailhouse Rock",1957,23827,13312,0.010
"The Beatles","Help!",1965,2382,12665,0.521
"Joan Jett & The Blackhearts","I Love Rock 'n' Roll",1982,23739,13422,0.529
"Ricky Martin","Livin' La Vida Loca",1999,23729,9086,3.515
"The Monkees","I'm a Believer",1967,23629,15525,0.539
"Shakira","Whenever, Wherever",2002,2362,3543,1.715
"Frank Sinatra","Strangers in the Night",1966,23348,15484,0.591
"Bruce Springsteen","Streets of Philadelphia",1994,23234,9077,1.553
"The Righteous Brothers","Unchained Melody",1965,23199,15616,1.101
"All-4-One","I Swear",1994,23163,8348,1.807
"Glenn Miller","In the Mood",1940,23153,13666,0.583
"Lou Bega","Mambo No 5 (A Little Bit of ...)",1999,23068,3543,1.657
"Doris Day","Que sera sera (Whatever will be will be)",1956,23058,10691,0.563
"Flo-Rida & T-Pain","Low",2008,23053,12411,0.833
"Nat King Cole","Mona Lisa",1950,23002,16223,0.567
"Terry Jacks","Seasons in the Sun",1974,23,813,0.010
"Culture Club","Karma Chameleon",1983,22967,7164,0.529
"Aerosmith","I Don't Want to Miss a Thing",1998,2296,7609,1.748
"Blondie","Heart of Glass",1979,22929,11965,0.520
"Boyz II Men","End of the Road",1992,22898,12287,2.567
"The Fugees","Killing Me Softly With His Song",1996,22861,362,1.686
"Tony Orlando & Dawn","Tie a Yellow Ribbon 'round the Old Oak Tree",1973,22858,12339,0.593
"Fergie","Big Girls Don't Cry",2007,22615,8695,2.020
"Shocking Blue","Venus",1970,22535,9366,1.118
"Eagles","Hotel California",1977,22532,17333,1.085
"Bing Crosby","Swinging On a Star",1944,22468,15761,0.516
"The Beatles","All You Need is Love",1967,22448,9415,0.531
"Chubby Checker","The Twist",1960,2242,19039,0.567
"Nelly & Kelly Rowland","Dilemma",2002,22401,7323,1.410
"The Beatles","She Loves You",1964,22398,15736,0.677
"Beyonce","Crazy in Love",2003,22139,1003,2.651
"The Black Eyed Peas","I Gotta Feeling",2009,22126,8074,0.567
"John Lennon","(Just Like) Starting Over",1980,22094,11893,1.187
"Culture Club","Do You Really Want to Hurt Me?",1982,22065,567,0.550
"Brandy & Monica","The Boy is Mine",1998,22026,9228,2.597
"Madonna","Like a Prayer",1989,21992,9617,2.026
"Sean Kingston","Beautiful Girls",2007,21963,5274,2.850
"Prince","When Doves Cry",1984,21902,1609,0.523
"The Beatles","Yesterday",1965,21879,16534,1.010
"The Pussycat Dolls","Don't Cha",2005,21864,4957,2.059
"Bee Gees","Night Fever",1978,21854,11444,1.500
"Diana Ross","Upside Down",1980,21735,11152,0.527
"Madonna","Music",2000,21688,7246,2.662
"Nickelback","How You Remind Me",2002,21637,1063,1.589
"Archies","Sugar Sugar",1969,21613,17318,0.635
"Christina Aguilera, Lil' Kim, Mya & Pink","Lady Marmalade (Voulez-Vous Coucher Aver Moi Ce Soir?)",2001,21557,6863,1.389
"A-Ha","Take On Me",1985,21527,9177,0.566
"Las Ketchup","The Ketchup Song (Asereje)",2002,2148,1245,1.350
"The Beatles","Get Back",1969,21431,12543,0.677
"Rob Thomas & Santana","Smooth",1999,21397,13708,2.059
"Snow","Informer",1993,21344,5239,2.813
"Timbaland & OneRepublic","Apologize",2007,21261,6729,0.524
"t.A.T.u.","All the Things She Said",2003,21261,3381,2.857
"Take That","Back For Good",1995,2114,2414,2.090
"The Beatles","Hello, Goodbye",1967,21084,7574,1.049
"Chicago","If You Leave Me Now",1976,21072,782,0.833
"Aqua","Barbie Girl",1997,21012,3172,1.059
"Gnarls Barkley","Crazy",2006,20983,8248,1.079
"Blondie","Call Me",1980,20956,16632,0.524
"Whitney Houston","I Wanna Dance With Somebody (Who Loves Me)",1987,20902,7308,0.526
"Elton John & Kiki Dee","Don't Go Breaking My Heart",1976,20883,7387,0.667
"Ace of Base","All That She Wants",1993,20874,5464,2.743
"Boney M","Rivers of Babylon",1978,20873,734,0.526
"Michael Jackson","Black Or White",1991,20863,6303,2.634
"Simon & Garfunkel","Bridge Over Troubled Water",1970,20863,20374,0.677
"Chic","Le Freak",1979,20857,13249,0.760
"TLC","No Scrubs",1999,20818,7598,2.067
"Nancy Sinatra","These Boots Are Made For Walking",1966,20799,10266,0.510
"Ray Charles","I Can't Stop Loving You",1962,20777,14412,0.750
"Meat Loaf","I'd Do Anything For Love (But I Won't Do That)",1993,20751,5083,0.537
"Chubby Checker","Let's Twist Again",1961,20744,6127,0.833
"Percy Faith","Theme From 'A Summer Place'",1960,20739,15608,1.500
"James Blunt","You're Beautiful",2005,20719,7555,2.373
"Don McLean","American Pie",1972,20702,17712,0.510
"Ben E King","Stand By Me",1961,20684,14543,0.010
"Bryan Adams, Rod Stewart & Sting","All For Love",1994,20622,5214,1.757
"Pink","So What",2008,20607,5255,0.518
"Phil Collins","Another Day in Paradise",1989,20584,8667,3.033
"Paul McCartney & Stevie Wonder","Ebony & Ivory",1982,20497,7866,0.583
"Lady GaGa & Colby O'Donis","Just Dance",2008,20459,7556,0.625
"Eiffel 65","Blue (Da Ba Dee)",1999,20448,2457,0.556
"Petula Clark","Downtown",1965,20447,13274,0.537
"Michael Jackson","Beat It",1983,20326,9948,0.625
"The Human League","Don't You Want Me",1982,20294,7954,1.032
"Rick Astley","Never Gonna Give You Up",1987,20285,5941,0.532
"Londonbeat","I've Been Thinking About You",1990,20269,5181,1.715
"Bing Crosby & The Andrews Sisters","Don't Fence Me In",1944,20052,10829,0.518
"Berlin","Take My Breath Away",1986,20034,10779,1.000
"Beyonce","Irreplaceable",2006,20027,11514,1.168
"Nirvana","Smells Like Teen Spirit",1992,19917,11165,1.978
"U2","Beautiful Day",2000,19889,7554,1.512
"Dinah Shore","Buttons & Bows",1948,19851,9604,0.537
"Avril Lavigne","Girlfriend",2007,19834,5823,3.548
"George McCrae","Rock Your Baby",1974,19799,7486,0.566
"Gloria Gaynor","I Will Survive",1979,19727,15035,0.667
"Mariah Carey","Without You",1994,19661,4402,1.733
"Abba","Waterloo",1974,19544,6399,0.010
"Les Paul & Mary Ford","Vaya Con Dios (may God Be With You)",1953,19525,12568,0.700
"Vanilla Ice","Ice Ice Baby",1990,19487,5516,1.114
"Anton Karas","Third Man Theme",1950,1948,9078,0.543
"Abba","Fernando",1976,1947,3434,0.010
"R Kelly","I Believe I Can Fly",1997,19448,7863,1.037
"Avril Lavigne","Complicated",2002,19432,5469,2.174
"The Beatles","Penny Lane",1967,19365,12457,0.563
"Doris Day","Secret Love",1954,19318,12203,0.559
"Olivia Newton-John","(Let's Get) Physical",1981,19308,12769,1.000
"Boyz II Men","I'll Make Love to You",1994,19291,9544,3.077
"Madonna & Justin Timberlake","Four Minutes",2008,19271,4056,0.532
"Bryan Adams","Have You Ever Really Loved a Woman?",1995,1925,6098,1.375
"MC Hammer","U Can't Touch This",1990,19235,6939,2.047
"Starsound","Stars On 45",1981,19173,5947,0.511
"Nat King Cole","Too Young",1951,19108,12777,0.643
"The Backstreet Boys","I Want it That Way",1999,19096,5536,2.156
"Celine Dion","Because You Loved Me",1996,19083,9554,2.644
"Falco","Rock Me Amadeus",1986,19049,5462,0.550
"Bee Gees","(The Lights Went Out In) Massachusetts",1967,19002,2507,2.573
"Dionne Warwick & Friends","That's What Friends Are For",1986,19002,13248,0.600
"The Animals","House of the Rising Sun",1964,18968,14982,0.591
"Britney Spears","Toxic",2004,18941,7078,1.172
"Cyndi Lauper","Girls Just Wanna Have Fun",1984,18927,9557,0.567
"Pink","Get the Party Started",2002,18895,5607,1.652
"Tennessee Ernie Ford","Sixteen Tons",1955,18843,11509,0.643
"Mary Hopkin","Those Were the Days",1968,1884,7728,1.091
"The Beatles","I Feel Fine",1964,18837,9813,0.563
"The Beatles","Paperback Writer",1966,18833,10522,0.510
"Lynn Anderson","I Beg Your Pardon (I Never Promised You a Rose Garden)",1971,18807,7872,0.567
"Tina Turner","What's Love Got to Do With It?",1984,18807,11845,0.519
"Band Aid","Do They Know It's Christmas?",1984,18791,3756,0.526
"The Rolling Stones","Honky Tonk Woman",1969,18788,15873,0.529
"Mariah Carey & Boyz II Men","One Sweet Day",1995,18785,9143,1.890
"Roberta Flack","Killing Me Softly With His Song",1973,18705,14307,0.667
"Katy Perry","Hot 'n' cold",2008,18641,529,0.556
"TLC","Waterfalls",1995,18631,1017,1.231
"Roxette","It Must Have Been Love",1990,18611,5633,2.099
"Bee Gees","Tragedy",1979,18607,683,0.625
"The Beatles","A Hard Day's Night",1964,18581,102,0.667
"Los Lobos","La Bamba",1987,18546,7179,0.537
"The Chordettes","Mister Sandman",1954,18533,13994,0.537
"Rod Stewart","Maggie May",1971,18501,16306,0.611
"Phil Collins","A Groovy Kind of Love",1988,18476,5102,1.156
"Zager & Evans","In the Year 2525 (Exordium & Terminus)",1969,18463,9338,0.515
"Mariah Carey","Fantasy",1995,18463,6451,2.653
"George Michael","Faith",1987,18455,9446,0.526
"Foreigner","I Want to Know What Love Is",1985,1845,6971,0.583
"Elvis Presley","Heartbreak Hotel",1956,18448,15536,0.527
"Beyonce & Shakira","Beautiful Liar",2007,18439,3876,1.417
"Elvis Presley","Suspicious Minds",1969,18423,14456,0.522
"Elton John","Crocodile Rock",1973,1841,8601,0.563
"Madonna","Papa Don't Preach",1986,18398,6318,0.514
"Toni Braxton","Un-Break My Heart",1996,18373,678,2.628
"The Black Eyed Peas","Shut Up",2003,18372,1283,0.700
"Eric Clapton","Tears in Heaven",1992,18351,10959,2.096
"Carly Simon","You're So Vain",1973,18304,12907,0.521
"Will Smith","Men in Black",1997,18295,2299,1.850
"Evanescence","Bring Me to Life",2003,18276,5543,1.687
"Diana Ross & Lionel Richie","Endless Love",1981,18254,15366,0.700
"Steve Miller Band","Abracadabra",1982,18223,7691,0.518
"Wet Wet Wet","Love is All Around",1994,18203,1049,1.772
"Akon","Lonely",2005,18195,3596,1.670
"Michael Jackson","You Are Not Alone",1995,18187,4582,1.127
"Christina Aguilera","Genie in a Bottle",1999,18172,5576,1.568
"Everything But The Girl","Missing",1996,18167,5481,1.581
"Savage Garden","Truly Madly Deeply",1998,18137,6905,1.709
"The Mills Brothers","Paper Doll",1943,18093,1253,0.527
"Bobby McFerrin","Don't Worry Be Happy",1988,18052,7135,1.086
"Bee Gees","How Deep is Your Love?",1978,1803,10445,1.211
"Alicia Keys","Fallin'",2001,18018,8103,1.074
"Eamon","F**k it (I Don't Want You Back)",2004,18002,2895,0.520
"Shaggy","Boombastic",1995,17973,4005,1.046
"Patti Page","Tennessee Waltz",1950,1791,13969,0.530
"Frankie Goes To Hollywood","Relax",1984,17858,5664,0.525
"Lady GaGa","Bad Romance",2009,17847,8446,0.512
"Elvis Presley","Hound Dog",1956,1784,14892,0.569
"Madonna","Frozen",1998,17789,4579,2.544
"Christina Aguilera","Beautiful",2003,17777,5364,1.030
"Chumbawamba","Tubthumping",1997,17766,4324,1.583
"Fats Domino","Blueberry Hill",1956,17709,11573,0.514
"Elvis Presley & JXL","A Little Less Conversation",2002,17674,1821,1.355
"Domenico Modugno","Volare",1958,1767,9719,0.700
"Alicia Keys","No One",2007,17632,8353,2.067
"Donna Summer","Hot Stuff",1979,17619,13075,0.512
"The Pet Shop Boys","West End Girls",1986,17615,7704,1.034
"The Bangles","Walk Like an Egyptian",1986,1758,9634,0.520
"Mariah Carey","We Belong Together",2005,17556,12129,1.101
"Daniel Powter","Bad Day",2005,17539,8848,3.000
"Four Non Blondes","What's Up?",1993,17509,4108,1.811
"Janet Jackson","That's the Way Love Goes",1993,17495,7304,2.860
"Queen","Another One Bites the Dust",1980,17481,13778,0.536
"J Geils Band","Centrefold",1982,17428,11247,0.529
"Nelly Furtado & Timbaland","Promiscuous",2006,17424,8393,1.056
"Patrick Hernandez","Born to Be Alive",1979,1742,4194,0.541
"Culture Beat","Mr Vain",1993,17419,2897,1.577
"U2","With Or Without You",1987,17402,10326,0.700
"Rihanna","Don't Stop the Music",2007,17375,4751,0.523
"Seal","Kiss From a Rose",1995,17371,9827,1.233
"Bon Jovi","Always",1994,17371,5316,1.993
"Bryan Adams","Please Forgive Me",1993,17369,339,1.829
"Pat Boone","Speedy Gonzales",1962,17367,2933,0.521
"Tears For Fears","Shout",1985,17367,6413,0.516
"Bonnie Tyler","Total Eclipse of the Heart",1983,17336,6371,0.521
"Wham!","Wake Me Up Before You Go Go",1984,17323,6288,0.521
"The Crew-Cuts","Sh-Boom (Life Could Be a Dream)",1954,1731,10118,0.577
"Green Day","Boulevard of Broken Dreams",2005,17287,11558,1.836
"Bill Medley & Jennifer Warnes","(I've Had) the Time of My Life",1987,17236,8922,0.833
"Bon Jovi","Blaze of Glory",1990,17195,7778,1.732
"Eminem","Stan",2000,17191,3681,0.556
"The Platters","Smoke Gets in Your Eyes",1959,17102,5039,0.833
"Lionel Richie","Say You, Say Me",1985,17069,9793,0.567
"Mr Big","To Be With You",1992,17051,5049,1.777
"Simon & Garfunkel","The Sounds of Silence",1966,17033,15006,2.778
"Harry Nilsson","Without You",1972,17013,1074,0.611
"Sheryl Crow","All I Wanna Do",1994,16868,9534,1.798
"Rednex","Cotton Eye Joe",1994,16865,3825,1.623
"The Rolling Stones","Jumpin' Jack Flash",1968,16862,11371,0.513
"UB40","Red Red Wine",1983,16839,6226,1.214
"LeAnn Rimes","Can't Fight the Moonlight",2001,16765,3624,0.540
"Shaggy & Ricardo 'RikRok' Ducent","It Wasn't Me",2001,16758,3911,1.214
"Teresa Brewer","(Put Another Nickel In) Music! Music! Music!",1950,16717,9167,0.516
"Rocco Granata","Marina",1960,16659,732,0.521
"Jennifer Lopez","If You Had My Love",1999,16642,4814,1.706
"David Guetta & Akon","Sexy Chick (sexy Bitch)",2009,16638,4751,0.511
"Britney Spears","Oops!... I Did it Again",2000,16598,3751,1.356
"N Sync","Bye, Bye, Bye",2000,16476,5865,1.595
"Lionel Richie","All Night Long (All Night)",1983,16446,7349,0.553
"Dido","White Flag",2003,16446,3606,0.625
"Les Brown & Doris Day","Sentimental Journey",1945,1644,13594,0.523
"The Byrds","Mr Tambourine Man",1965,1642,13395,0.525
"Gerry Rafferty","Baker Street",1978,16406,7148,0.526
"Elvis Presley","All Shook Up",1957,16347,9971,0.010
"Natalie Imbruglia","Torn",1998,16312,3885,1.984
"REM","Losing My Religion",1991,16295,11668,1.597
"Haddaway","What is Love?",1993,16286,4828,1.055
"Scott McKenzie","San Francisco (Wear Some Flowers in Your Hair)",1967,1628,4381,0.587
"The Andrews Sisters","Rum & Coca-Cola",1945,16279,1031,0.553
"U2","I Still Haven't Found What I'm Looking For",1987,16269,11519,0.600
"Roxette","Joyride",1991,16258,4152,2.591
"Robert Miles","Children",1996,16253,2293,1.187
"The Goo Goo Dolls","Iris",1998,16252,7562,1.129
"Shaggy","Angel",2001,1622,3852,0.556
"Nelly Furtado","Say It Right",2007,16215,6835,0.538
"Otis Redding","(Sittin' On) the Dock of the Bay",1968,16211,18351,0.520
"Sam The Sham & The Pharaohs","Wooly Bully",1965,16177,15326,0.522
"Elvis Presley","Don't Be Cruel",1956,1615,14351,0.553
"Kris Kross","Jump",1992,16142,6275,1.799
"Abba","SOS",1975,16122,3441,1.033
"OutKast","Ms Jackson",2001,1611,6091,0.550
"Bonnie Tyler","It's a Heartache",1978,16089,53,0.513
"The Everly Brothers","Cathy's Clown",1960,1605,9107,0.520
"Bee Gees","Too Much Heaven",1979,15998,6209,0.833
"Dick Haymes","You'll Never Know",1943,15981,11269,0.556
"The Beatles","Come Together",1969,15971,11772,0.517
"The Knack","My Sharona",1979,15964,12078,0.524
"Lobo","I'd Love You to Want Me",1973,15925,5006,0.010
"The Black Eyed Peas","Boom Boom Pow",2009,15922,7973,0.643
"The Monkees","Daydream Believer",1967,15921,9367,1.559
"Kanye West & Jamie Foxx","Gold Digger",2005,15916,978,1.110
"John Lennon","Woman",1981,1586,6638,1.095
"Jefferson Starship","Nothing's Gonna Stop Us Now",1987,15849,7388,0.528
"Phil Collins","Against All Odds (Take a Look At Me Now)",1984,15812,7682,0.531
"Scatman John","Scatman (Ski-Ba-Bop-Ba-Dop-Bop)",1995,158,105,3.011
"The Black Eyed Peas","Don't Phunk With My Heart",2005,15793,4359,2.548
"Elvis Presley","Surrender",1961,15784,4716,0.653
"Gene Autry","Rudolph, the Red-Nosed Reindeer",1949,15779,12604,0.010
"Oasis","Wonderwall",1996,15769,6266,0.563
"Queen","Crazy Little Thing Called Love",1980,15762,9369,0.833
"Paul McCartney & Michael Jackson","Say Say Say",1983,15751,6582,0.522
"U2","Desire",1988,15738,46,1.500
"Kanye West","Stronger",2007,15704,8365,1.670
"The Righteous Brothers","You've Lost That Lovin' Feelin'",1964,15698,19739,0.010
"Michael Jackson & Janet Jackson","Scream",1995,15697,4253,2.541
"Prince","The Most Beautiful Girl in the World",1994,15666,4651,1.840
"Boney M","Ma Baker",1977,15655,1223,0.526
"Offspring","Pretty Fly (For a White Guy)",1999,15634,1759,2.845
"Madonna","Like a Virgin",1984,1563,9012,0.643
"The Mamas & The Papas","Monday Monday",1966,15624,13322,0.529
"Gwen Stefani","Hollaback Girl",2005,15607,9286,1.047
"Destiny's Child","Lose My Breath",2004,15602,537,2.553
"Madonna","Take a Bow",1995,15593,6776,2.798
"Del Shannon","Runaway",1961,15584,10527,0.543
"Janet Jackson","Together Again",1998,15573,4083,2.045
"Paul Anka","Diana",1957,15561,399,0.573
"Guns n' Roses","Sweet Child O' Mine",1988,15548,11414,1.181
"Flo-Rida & Ke$ha","Right Round",2009,15542,5693,0.521
"10CC","I'm Not in Love",1975,15524,6394,1.392
"Anita Ward","Ring My Bell",1979,15509,6824,0.591
"Rod Stewart","Do Ya Think I'm Sexy?",1979,15483,8683,0.528
"Jason Mraz","I am Yours",2008,15463,6454,0.542
"Mario","Let Me Love You",2005,15454,6488,0.553
"Enigma","Sadeness",1991,15434,3203,1.838
"Snap","Rhythm is a Dancer",1992,15425,4969,0.625
"Alanis Morissette","Ironic",1996,15413,7026,1.580
"Lionel Richie","Hello",1984,15404,4976,0.534
"Bon Jovi","Livin' On a Prayer",1987,15359,7376,1.500
"Enrique Iglesias","Hero",2001,15357,3132,1.041
"Timbaland & Keri Hilson","The Way I Are",2007,15331,4,0.511
"Frank Sinatra","Five Minutes More",1946,15313,7014,0.531
"Vanessa Carlton","A Thousand Miles",2002,15298,5843,2.214
"Al Jolson","Swanee",1920,15297,11348,0.700
"Van Halen","Jump",1984,15285,8589,1.037
"Peter Gabriel","Sledgehammer",1986,15285,9577,0.519
"Fifth Dimension","Aquarius/Let The Sunshine In",1969,15255,17696,0.750
"Roxette","The Look",1989,15202,5297,1.529
"Sixpence None The Richer","Kiss Me",1999,15161,6535,1.885
"Irene Cara","Fame",1980,15159,9656,0.523
"Tommy James & the Shondells","Crimson & Clover",1969,15147,9722,0.571
"Fine Young Cannibals","She Drives Me Crazy",1989,15136,8177,1.284
"Michael Jackson","Don't Stop 'Til You Get Enough",1979,15097,866,0.583
"The Bangles","Eternal Flame",1989,15055,5757,1.600
"Santana","Maria Maria",2000,15047,5383,1.105
"Captain & Tennille","Love Will Keep Us Together",1975,15023,12171,0.553
"Billy Ocean","Get Outta My Dreams Get Into My Car",1988,14964,3943,0.519
"Perez Prado","Cherry Pink & Apple Blossom White",1955,14946,6834,0.750
"Ini Kamoze","Here Comes the Hotstepper",1995,14945,5688,1.082
"Pee Wee Hunt","12th Street Rag",1948,14914,7483,0.527
"Kool & The Gang","Celebration",1981,14896,11837,0.532
"The Platters","Only You (And You Alone)",1955,14896,7475,0.750
"Exile","Kiss You All Over",1978,14886,6619,0.559
"The Kinks","Lola",1970,14883,9343,0.510
"All Saints","Never Ever",1998,14858,3085,1.061
"The Four Seasons","December 1963 (Oh What a Night)",1976,14855,9985,0.591
"Tears For Fears","Everybody Wants to Rule the World",1985,14851,7249,1.058
"Al Dexter & his Troopers","Pistol Packin' Mama",1943,1485,12552,0.512
"Snap","The Power",1990,1485,5336,1.725
"Richard Marx","Right Here Waiting",1989,14833,4628,2.605
"Pat Boone","Love Letters in the Sand",1957,14828,5767,0.524
"The Rolling Stones","Brown Sugar",1971,1481,11564,0.514
"Akon","Smack That",2006,14786,4819,1.065
"Nat King Cole","Nature Boy",1948,14779,1142,0.577
"Paul & Paula","Hey Paula",1963,14733,689,0.517
"Kingsmen","Louie Louie",1963,14729,14762,0.524
"The Manhattans","Kiss & Say Goodbye",1976,14716,8724,0.529
"Three Dog Night","Joy to the World",1971,14698,17042,0.554
"Olivia Newton-John & Electric Light Orchestra","Xanadu",1980,14679,3123,0.563
"Elvis Presley","Can't Help Falling in Love",1962,14678,982,0.514
"Marvin Gaye","I Heard it Through the Grapevine",1968,14667,18924,0.517
"Red Hot Chili Peppers","Under the Bridge",1992,14666,9033,1.037
"The Beatles","The Ballad of John & Yoko",1969,14548,4931,0.530
"The Beatles","Can't Buy Me Love",1964,14537,9156,0.621
"Dean Martin","Memories Are Made of This",1956,14534,6002,0.517
"Neil Young","Heart of Gold",1972,1451,121,0.511
"Jennifer Lopez","Love Don't Cost a Thing",2001,14506,2725,2.053
"The Scissor Sisters","I Don't Feel Like Dancin'",2006,14483,739,1.567
"Jive Bunny & The Mastermixers","Swing the Mood",1989,14475,2365,1.645
"Madonna","Who's That Girl?",1987,14472,4557,0.534
"Tom Jones","She's a Lady",1971,14451,8347,0.527
"Extreme","More Than Words",1991,14439,6428,2.136
"Nancy Sinatra & Frank Sinatra","Somethin' Stupid",1967,14435,9342,0.600
"Right Said Fred","I'm Too Sexy",1991,14435,5774,2.278
"Creedence Clearwater Revival","Proud Mary",1969,14429,14752,0.556
"U2","Hold Me, Thrill Me, Kiss Me, Kill Me",1995,14425,2692,0.750
"Glenn Miller","Moonlight Serenade",1939,1442,8578,0.553
"Crash Test Dummies","Mmm Mmm Mmm Mmm",1994,14409,485,1.031
"Creedence Clearwater Revival","Up Around the Bend",1970,14394,8352,0.513
"Rihanna","Disturbia",2008,1439,6568,0.611
"Elton John","Something About the Way You look Tonight",1997,14361,4245,1.115
"Bobby Goldsboro","Honey",1968,1434,10858,0.541
"Eminem","Just Lose It",2004,1434,3613,1.864
"Chicago","Hard to Say I'm Sorry",1982,14326,661,0.545
"Isaac Hayes","Theme From 'Shaft'",1971,14282,16298,0.537
"B J Thomas","Raindrops Keep Falling On My Head",1970,14278,15294,0.625
"John Fred & The Playboy Band","Judy in Disguise (With Glasses)",1968,14277,8776,0.526
"Billy Joel","The River of Dreams",1993,14258,4591,2.091
"Joan Osborne","One of Us",1996,14232,5863,1.277
"Lisa Stansfield","All Around the World",1990,14214,4917,1.752
"Alannah Myles","Black Velvet",1990,14211,6642,1.170
"Beyonce","If I Were a Boy",2008,1421,349,0.522
"Trini Lopez","If I Had a Hammer",1963,14199,3651,0.521
"Roberta Flack","The First Time Ever I Saw Your Face",1972,14173,12846,0.750
"Crazy Frog","Axel F",2005,14161,127,0.522
"Dire Straits","Money For Nothing",1985,14152,8594,1.072
"Francis Craig","Near You",1947,14148,11845,0.542
"Frankie Avalon","Venus",1959,14123,5272,0.527
"The Commodores","Three Times a Lady",1978,14117,7108,0.537
"Glenn Miller","Chattanooga Choo Choo",1941,1411,11936,0.577
"Mariah Carey","Vision of Love",1990,14106,7617,2.846
"Tony Orlando & Dawn","Knock Three Times",1971,14103,9117,0.531
"Amii Stewart","Knock On Wood",1979,14081,7975,0.510
"Les Paul & Mary Ford","How High the Moon",1951,14081,15149,0.559
"Percy Faith","The Song From Moulin Rouge (Where Is Your Heart)",1953,14057,1018,0.567
"Abba","The Winner Takes it All",1980,14052,5582,0.533
"The Carpenters","(They Long to Be) Close to You",1970,14029,14331,0.534
"Frankie Valli","Grease",1978,13997,8189,0.550
"Rihanna","SOS (Rescue Me)",2006,13991,5772,1.083
"Chris de Burgh","The Lady in Red",1986,13982,3534,0.833
"The Beatles","Strawberry Fields Forever",1967,13968,8999,0.643
"Tiffany","I Think We're Alone Now",1988,13961,4388,0.511
"Rod Stewart","Tonight's the Night (Gonna Be Alright)",1976,13929,11967,0.577
"R Kelly","Ignition",2003,13919,6028,0.532
"Elton John","Goodbye Yellow Brick Road",1973,13889,10377,0.833
"Christina Aguilera","Ain't No Other Man",2006,13884,5891,2.596
"D12","My Band",2004,13873,3907,1.887
"Barbra Streisand","The Way We Were",1974,13862,17263,0.519
"C&C Music Factory","Gonna Make You Sweat (Everybody Dance Now)",1991,13852,738,2.767
"Michael Jackson","Thriller",1984,13844,7394,0.556
"Rihanna","Take a Bow",2008,13843,5602,0.538
"Enigma","Return to Innocence",1994,13814,5185,2.024
"Bob Dylan","Like a Rolling Stone",1965,13788,15635,0.511
"Uncle Kracker","Follow Me",2001,13781,2454,1.025
"Gwen Stefani & Akon","The Sweet Escape",2007,1377,5367,1.524
"The Rolling Stones","Miss You",1978,1376,8193,0.524
"Champs","Tequila",1958,13733,9618,0.534
"Wings","Silly Love Songs",1976,13695,1138,0.525
"George Michael","Jesus to a Child",1996,13664,2642,1.208
"INXS","Need You Tonight",1988,13662,9113,1.052
"Amy Winehouse","Rehab",2007,13659,8964,1.348
"Mariah Carey","Dreamlover",1993,13646,7792,3.033
"Kate Bush","Wuthering Heights",1978,13643,1764,0.525
"The Four Tops","Reach Out (I'll Be There)",1966,13629,15097,0.510
"Babylon Zoo","Spaceman",1996,13598,2,0.643
"New Vaudeville Band","Winchester Cathedral",1966,13597,8979,0.522
"Stevie Wonder","Superstition",1973,13596,14306,0.516
"Lauryn Hill","Doo Wop (That Thing)",1998,13593,7654,2.553
"Eminem","The Real Slim Shady",2000,13591,5371,0.510
"Madonna","Justify My Love",1990,13586,6037,1.881
"The B52s","Love Shack",1989,13585,8976,1.228
"Elton John","Can You Feel the Love Tonight",1994,1356,7535,1.761
"Al Green","Let's Stay Together",1972,13542,17293,0.545
"Diana King","Shy Guy",1995,13513,2363,3.000
"Jennifer Paige","Crush",1998,13492,398,0.611
"Prince","Batdance",1989,13487,4703,3.000
"Kaoma","Lambada",1989,13481,1773,2.458
"The Beatles","Something",1969,1348,11343,0.567
"Patti LaBelle","Lady Marmalade (Voulez-Vous Coucher Aver Moi Ce Soir?)",1975,13475,11545,0.526
"Baccara","Yes Sir, I Can Boogie",1977,13461,2,0.512
"U2","Discotheque",1997,13438,155,2.572
"Shania Twain","You're Still the One",1998,13437,7503,1.751
"George Michael & Elton John","Don't Let the Sun Go Down On Me",1992,1343,5089,1.311
"Britney Spears","Womanizer",2008,13413,5138,0.526
"The Kalin Twins","When",1958,13412,1956,0.530
"Madonna","This Used to Be My Playground",1992,1341,6582,1.512
"O-Zone","Dragostea Din Tei",2004,13406,1114,0.700
"Rosemary Clooney","Hey There",1954,13395,11367,0.532
"U2","Vertigo",2004,13388,3647,2.658
"Pras Michel","Ghetto Supastar (That is What You Are)",1998,13356,1848,0.542
"Bellamy Brothers","Let Your Love Flow",1976,13348,5075,0.511
"Andy Gibb","Shadow Dancing",1978,13348,10884,0.577
"Britney Spears & Madonna","Me Against the Music",2003,1334,1745,2.529
"Destiny's Child","Survivor",2001,13339,4958,2.023
"Madonna","American Pie",2000,13298,177,1.667
"Chris Montez","Let's Dance",1962,13294,4847,0.512
"Shakira","Underneath Your Clothes",2002,13291,3021,0.537
"Spice Girls","2 Become 1",1997,13264,3865,1.700
"Joe Dolce","Shaddup You Face",1981,13248,159,0.512
"Madonna","Crazy For You",1985,13231,7135,0.537
"The Carpenters","Please Mr Postman",1975,1322,607,0.534
"Will Smith","Wild Wild West",1999,13204,4733,1.284
"Madonna","La Isla Bonita",1987,13182,3049,0.514
"Prince","Kiss",1986,1318,8926,0.527
"Janet Jackson","All For You",2001,13171,489,2.833
"Tommy Roe","Dizzy",1969,13165,9172,0.512
"Red Hot Chili Peppers","Dani California",2006,13155,5201,3.033
"Kylie Minogue","The Loco-Motion",1988,13155,2822,1.000
"Depeche Mode","Enjoy the Silence",1990,13151,5765,0.514
"Vanessa Williams","Save the Best For Last",1992,13142,7019,1.936
"George Baker Selection","Una Paloma Blanca",1975,13137,108,0.010
"Jennifer Lopez","Get Right",2005,1313,3404,2.573
"Bon Jovi","It's My Life",2000,13124,188,2.500
"Akon","Don't Matter",2007,13109,538,0.553
"Tony Bennett","Stranger in Paradise",1954,13108,6787,0.526
"Elton John","Nikita",1985,13097,2178,0.611
"John Lennon","Instant Karma",1970,13085,9121,0.515
"Glenn Miller","(I've Got a Gal In) Kalamazoo",1942,13073,10848,0.516
"The Scorpions","Wind of Change",1991,1307,4411,1.061
"Neil Diamond","Cracklin' Rosie",1970,13049,8863,0.537
"Daniel Boone","Beautiful Sunday",1972,1304,3191,1.500
"Spice Girls","Say You'll Be There",1996,13037,3975,1.213
"Carole King","It's Too Late",1971,13029,17069,0.833
"Huey Lewis & The News","The Power of Love",1985,1301,7993,0.511
"Paula Abdul & The Wild Pair","Opposites Attract",1990,12993,4992,1.361
"Debbie Boone","You Light Up My Life",1977,12989,14272,0.843
"50 Cent & Olivia","Candy Shop",2005,12977,4606,1.081
"Bruce Springsteen","Dancing in the Dark",1984,12974,722,0.515
"Conway Twitty","It's Only Make Believe",1958,12947,55,0.512
"Queen","We Are the Champions",1977,12925,9162,0.563
"Coldplay","Speed of Sound",2005,12924,4601,2.582
"Heart","All I Wanna Do is Make Love to You",1990,12903,4469,1.911
"Harry Belafonte","Banana Boat Song",1957,12898,5946,0.553
"The Backstreet Boys","Quit Playing Games (With My Heart)",1997,12893,4222,1.067
"Paul Anka","Lonely Boy",1959,12893,5162,0.512
"Mr Acker Bilk","Stranger On the Shore",1962,12886,8326,0.527
"The Fray","How to Save a Life",2007,12883,6709,0.512
"Eric Clapton","Change the World",1996,12882,5846,3.000
"Brotherhood of Man","Save All Your Kisses For Me",1976,12868,537,0.010
"Lloyd Price","(You've Got) Personality",1959,12868,6552,0.523
"Artie Shaw","Begin the Beguine",1938,12866,11231,0.531
"Billy Joel","Uptown Girl",1983,12846,5479,0.571
"Gilbert O'Sullivan","Alone Again (Naturally)",1972,12843,1042,2.014
"Mika","Grace Kelly",2007,12841,1809,1.386
"Leo Sayer","When I Need You",1977,12837,609,0.643
"The Marcels","Blue Moon",1961,12828,6313,1.000
"U2","One",1992,12827,695,0.527
"Art Mooney","I'm Looking Over a Four Leaf Clover",1948,12817,867,0.643
"Madonna","Live to Tell",1986,12814,588,0.519
"Justin Timberlake","My Love",2006,12793,6841,0.563
"LeAnn Rimes","How Do I Live?",1998,12788,7396,1.572
"Mariah Carey & Whitney Houston","When You Believe",1998,1276,4746,2.012
"Soul Asylum","Runaway Train",1993,12755,5833,1.065
"Santa Esmerelda","Don't Let Me Be Misunderstood",1977,12754,3981,0.667
"Kylie Minogue","I Should Be So Lucky",1988,12741,736,0.529
"Jennifer Lopez","Jenny From the Block",2002,12718,3182,2.573
"Beyonce","Single Ladies (Put A Ring On It)",2009,12715,9497,0.591
"The Verve","Bitter Sweet Symphony",1997,12708,6559,0.538
"The Temptations","My Girl",1965,12688,17669,0.563
"Bananarama","Venus",1986,12677,4679,0.519
"Artie Shaw","Frenesi",1940,12661,10072,0.600
"Jimmy Dorsey","Tangerine",1942,12653,8662,0.611
"Big Mountain","Baby, I Love Your Way",1994,12643,4215,2.333
"Lifehouse","Hanging by a Moment",2001,12643,7396,1.041
"Emilia","Big Big World",1998,1264,1024,1.118
"The Backstreet Boys","Shape of My Heart",2000,12633,1655,2.622
"The Beach Boys","Kokomo",1988,12628,6016,2.532
"Glenn Miller","Moonlight Cocktail",1942,12613,8715,0.520
"Justin Timberlake","What Goes Around Comes Around",2007,12607,7139,1.035
"Perez Prado","Patricia",1958,12603,4817,0.534
"Donna Summer","Love to Love You Baby",1976,12581,818,0.518
"Snoop Dogg & Pharrell Williams","Drop it Like It's Hot",2004,12565,7472,0.531
"Destiny's Child","Independent Women Part 1",2000,12559,4375,1.139
"The Beatles","Day Tripper",1965,12545,51,0.553
"Maroon 5","She Will Be Loved",2004,12545,5514,1.093
"Phil Collins","Two Hearts",1988,12503,5474,2.050
"Christie","Yellow River",1970,12499,3439,0.700
"Macy Gray","I Try",2000,12499,4472,0.600
"Louis Armstrong","Hello Dolly",1964,12491,11851,0.559
"Percy Faith","Delicado",1952,12484,7887,0.667
"Sheena Easton","Morning Train (Nine to Five)",1981,12459,7223,0.524
"Mariah Carey","Honey",1997,12456,5037,2.699
"Cyndi Lauper","Time After Time",1984,12455,6976,1.063
"Color Me Badd","I Wanna Sex You Up",1991,1245,5435,2.569
"Barbra Streisand","Love Theme From 'A Star is Born' (Evergreen)",1977,12442,11322,0.536
"Whitney Houston","Greatest Love of All",1986,12433,6785,1.500
"Milli Vanilli","Girl, I'm Gonna Miss You",1989,12431,4407,1.633
"Perry Como","Till The End of Time",1945,12431,10006,0.511
"Andy Gibb","I Just Wanna Be Your Everything",1977,12426,9832,0.700
"Mary J Blige","Family Affair",2001,12421,6731,0.700
"Ace of Base","Don't Turn Around",1994,12408,5504,1.632
"Mike & The Mechanics","The Living Years",1989,12394,5365,2.083
"Nelly","My Place",2004,12385,3074,2.033
"Kelly Clarkson","Because of You",2006,12384,604,0.583
"Simon & Garfunkel","Mrs Robinson",1968,12379,13986,0.571
"Christopher Cross","Arthur's Theme (Best That You Can Do)",1981,12372,11625,0.600
"George Michael","One More Try",1988,12351,6067,1.000
"Linkin Park","In the End",2001,12335,6757,0.833
"The Doobie Brothers","What a Fool Believes",1979,12335,11651,0.537
"Milli Vanilli","Girl, You Know It's True",1988,12325,4362,1.218
"Perry Como","Prisoner of Love",1946,12312,8028,0.514
"Donna Lewis","I Love You Always Forever",1996,12304,4891,2.048
"Gilbert O'Sullivan","Clair",1972,12302,5092,0.538
"Rod Stewart","Baby Jane",1983,123,1081,0.515
"Dolly Parton","9 to 5",1981,12286,10508,0.515
"Kay Kyser","The Woody Woodpecker Song",1948,12284,7391,0.512
"Rihanna","Pon De Replay",2005,1228,5241,1.242
"The Backstreet Boys","As Long As You Love Me",1997,12265,2681,1.582
"The Hollies","The Air That I Breathe",1974,12263,5964,0.591
"Dean Martin","That's Amore",1953,12254,8717,0.528
"Bing Crosby","I'll be seeing you",1944,1225,7679,0.512
"Nelly","Hot in Herre",2002,12232,602,0.537
"Rod Stewart","Sailing",1975,12228,1233,0.537
"Jimmy Dorsey","Besame Mucho",1944,12218,8384,0.600
"Sean Paul","Temperature",2006,12214,8683,1.027
"Michael Jackson & Siedah Garrett","I Just Can't Stop Loving You",1987,12213,4908,0.514
"Usher & Alicia Keys","My Boo",2004,12209,5628,2.053
"DNA & Suzanne Vega","Tom's Diner",1990,12209,48,1.037
"Silver Convention","Fly Robin Fly",1975,12208,7776,0.643
"Will Smith","Gettin' Jiggy Wit It",1998,12198,5588,1.157
"Evanescence","My Immortal",2004,12197,4465,1.068
"George Harrison","Got My Mind Set On You",1988,12196,3745,0.523
"Fergie","London Bridge",2006,12192,4747,2.108
"MC Sar & The Real McCoy","Another Night",1994,12191,6185,1.606
"Sara Bareilles","Love Song",2008,12174,5906,0.700
"Donna Summer","Bad Girls",1979,1216,9456,0.548
"Tommy Dorsey & Frank Sinatra","I'll Never Smile Again",1940,12157,9655,0.526
"Duran Duran","Ordinary World",1993,12141,4519,1.967
"The Village People","In the Navy",1979,12139,5235,0.516
"Fred Astaire","The Way You Look Tonight",1936,12135,895,0.538
"George Michael","Fast Love",1996,12124,261,2.043
"The Cardigans","Lovefool",1997,12104,2626,2.867
"The Diamonds","Little Darlin'",1957,12099,6724,0.531
"Barry White","You're the First, the Last, My Everything",1975,12097,6784,0.543
"Van McCoy","The Hustle",1975,12093,9426,0.532
"Train","Drops of Jupiter (Tell Me)",2001,12082,7566,0.516
"Rose Royce","Car Wash",1977,12082,8859,0.520
"Chris Brown & Juelz Santana","Run It",2006,12069,4834,0.567
"Marvin Gaye","(Sexual) Healing",1983,12068,7534,0.524
"Evelyn Knight","A Little Bird Told Me",1949,12063,7161,0.519
"Destiny's Child","Say My Name",2000,12059,7412,0.517
"Usher & Young Jeezy","Love In This Club",2008,12057,7185,0.556
"Janis Joplin","Me & Bobby McGee",1971,12052,13251,0.540
"Madonna","Ray of Light",1998,12048,7708,0.700
"Paula Abdul","Rush Rush",1991,12026,6614,2.731
"Jay-Z & Linkin Park","Numb/Encore",2005,12018,3563,2.061
"U2 & Green Day","The Saints are Coming",2006,12017,72,0.530
"Fred Astaire & Leo Reisman","Night & Day",1932,12013,10331,0.548
"Shirley & Company","Shame, Shame, Shame",1975,12007,4772,0.519
"OMC","How Bizarre",1996,11998,1092,1.033
"The Fireballs","Sugar Shack",1963,11995,10457,0.511
"Celine Dion","The Power of Love",1994,11974,5384,1.649
"Eddie Fisher","I Need You Now",1954,11973,9492,0.512
"K-Ci & JoJo","All My Life",1998,11967,4001,1.573
"Youssou N'Dour & Neneh Cherry","7 Seconds",1994,11958,2261,0.750
"Nazareth","Love Hurts",1976,11926,5344,0.524
"America","Horse With No Name",1972,11924,895,0.559
"The Jackson 5","I Want You Back",1970,11919,14128,0.611
"Elvis Presley","Love Me Tender",1956,11907,1095,0.550
"Brenda Lee","I'm Sorry",1960,11894,9358,0.529
"Sean Paul","Get Busy",2003,1189,4999,1.269
"Frankie Laine","That Lucky Old Sun (Just Rolls Around Heaven All Day)",1949,11875,9516,0.542
"Whitney Houston","Exhale (Shoop Shoop)",1995,11866,4566,2.048
"Madonna","Die Another Day",2002,11834,3284,1.639
"Madonna","Beautiful Stranger",1999,11827,372,1.242
"Prince","Purple Rain",1984,11825,719,0.529
"Enya","Orinoco Flow",1988,118,2772,1.123
"Abba","Chiquitita",1979,11787,1282,1.106
"Wings","Band On the Run",1974,11786,7745,0.563
"Mariah Carey","Heartbreaker",1999,11755,4044,2.544
"Harry James","Sleepy Lagoon",1942,11746,7984,0.513
"Next","Too Close",1998,11742,8242,1.051
"1910 Fruitgum Co","Simon Says",1968,11731,6934,0.519
"The Partridge Family","I Think I Love You",1970,11729,8734,0.523
"Leo Sayer","You Make Me Feel Like Dancing",1977,11722,6686,0.538
"Perry Como","Wanted",1954,11722,9093,0.517
"The Carpenters","Top of the World",1973,11721,6497,1.095
"Madonna","Express Yourself",1989,11714,5214,1.543
"DJ Jazzy Jeff & The Fresh Prince","Boom! Shake the Room",1993,11707,2365,1.523
"Chaka Khan","I Feel For You",1984,1168,6235,0.519
"The Foundations","Build Me Up Buttercup",1969,11672,12339,0.521
"Britney Spears","Everytime",2004,1165,3416,1.027
"Sly & The Family Stone","Family Affair",1971,1165,1277,1.052
"Paul Whiteman","Whispering",1920,11646,9963,0.583
"The Beatles","Michelle",1966,11636,2378,0.643
"Estelle & Kanye West","American Boy",2008,11635,4471,0.515
"Mariah Carey","I'll Be There",1992,11633,4498,2.790
"Usher","Burn",2004,11621,6415,0.550
"Gorillaz","Feel Good Inc",2005,11617,6757,1.122
"Neil Diamond","Song Sung Blue",1972,11607,6992,0.520
"Engelbert Humperdinck","The Last Waltz",1967,11587,1654,0.512
"Timbaland & Nelly Furtado & Justin Timberlake","Give it to Me",2007,11575,439,1.102
"Mario Winans","I Don't Wanna Know",2004,11567,3469,0.534
"The Backstreet Boys","Everybody (Backstreet's Back)",1997,11557,426,1.038
"Christina Aguilera","Hurt",2006,11551,307,0.514
"Jimmie Rodgers","T For Texas (Blue Yodel No 1)",1928,11535,888,0.516
"Wilson Phillips","Hold On",1990,11527,7369,2.588
"Peggy Lee","Manana (Is Soon Enough For Me)",1948,11526,8646,0.591
"George Gershwin","Rhapsody in Blue",1924,11503,8335,0.536
"Little Richard","Long Tall Sally",1956,11498,8748,0.520
"Benny Goodman","Sing, Sing, Sing (With A Swing)",1937,11496,813,0.519
"New Kids On The Block","Step By Step",1990,11479,5117,1.559
"2 Unlimited","No Limit",1993,11448,713,1.169
"Hoobastank","The Reason",2004,11447,7579,1.123
"Eddie Fisher","Oh My Papa (O Mein Papa)",1954,11427,9409,0.527
"Savage Garden","I Want You",1997,11424,4455,2.066
"The Mamas & The Papas","California Dreamin'",1966,11421,15701,0.548
"The Black Eyed Peas","Meet Me Half Way",2009,11415,4516,0.516
"Madonna","Secret",1994,11411,4006,2.015
"Michael Jackson","Bad",1987,11411,386,0.571
"Lisa Loeb & Nine Stories","Stay (I Missed You)",1994,11407,7482,1.594
"Blondie","Rapture",1981,11392,8339,0.521
"Mariah Carey","Hero",1993,11389,6664,2.667
"Highwaymen","Michael Row the Boat",1961,11388,3495,0.526
"Debbie Reynolds","Tammy",1957,1138,6184,0.517
"Guess Who","American Woman",1970,11378,9159,0.531
"Mario Lanza","Be My Love",1951,1137,103,0.559
"Nini Rosso","Il Silenzio",1965,11348,15,0.516
"Madonna","I'll Remember",1994,11348,56,1.723
"The Jackson 5","I'll Be There",1970,11342,14887,0.548
"The Beatles","The Long & Winding Road",1970,11337,9901,1.362
"Technotronic","Get Up (Before the Night is Over)",1990,11329,3157,1.250
"Enya","Only Time",2001,11322,2844,2.011
"Rick Astley","Together Forever",1988,11308,3619,1.030
"Pop Tops","Mammy Blue",1971,11284,718,0.536
"Inner Circle","Sweat (A La La La La Song)",1992,11269,2113,1.731
"Billy Ray Cyrus","Achy Breaky Heart",1992,11264,5271,0.511
"Michael Jackson","Remember the Time",1992,11264,4884,2.049
"Aaliyah","Try Again",2000,11256,5804,0.591
"Janet Jackson","Escapade",1990,11245,6019,3.000
"Meredith Brooks","Bitch",1997,11242,4184,1.673
"2Pac & Dr Dre","California Love",1996,11236,3697,1.038
"Don Henley","The Boys of Summer",1985,11223,8746,0.511
"EMF","Unbelievable",1991,11216,7154,2.215
"Ne-Yo","So Sick",2006,11212,537,1.596
"Steve Winwood","Higher Love",1986,11203,8944,0.513
"Connie Francis","Who's Sorry Now?",1958,11202,4165,0.519
"Simply Red","If You Don't Know Me By Now",1989,11198,4676,1.822
"Kelis","Milkshake",2004,11157,5667,0.700
"Technotronic","Pump Up the Jam",1989,11155,4936,2.211
"The Monkees","A Little Bit Me, a Little Bit You",1967,11155,7422,0.516
"Al Hibbler","Unchained Melody",1955,11154,5051,0.511
"Crazy Town","Butterfly",2001,11154,3293,0.559
"TLC","Creep",1995,11153,7367,1.903
"The Beatles","Ob-La-Di, Ob-La-Da",1969,11151,1256,0.643
"Carl Perkins","Blue Suede Shoes",1956,11148,12289,0.511
"Four Aces","Three Coins in the Fountain",1954,11132,8166,0.591
"Beyonce","Check On It",2006,11127,5859,1.084
"Herman's Hermits","No Milk Today",1966,11115,2013,0.534
"Bobby Brown","Humpin' Around",1992,11103,4299,3.000
"Sheena Easton","For Your Eyes Only",1981,11102,6232,0.529
"Bee Gees","You Win Again",1987,11093,713,0.511
"Little Peggy March","I Will Follow Him",1963,11089,7227,0.543
"Jewel","You Were Meant for Me",1997,11058,8141,1.053
"Whitney Houston","Saving All My Love For You",1985,11054,5049,1.027
"Savage Garden","I Knew I Loved You",1999,11042,4751,1.924
"Frankie Laine","I Believe",1953,11039,505,0.538
"The Bangles","Manic Monday",1986,11032,4868,0.511
"Alanis Morissette","Hands Clean",2002,1103,2293,2.546
"Eric Prydz","Call On Me",2004,1101,833,0.525
"Kenny Rogers","Lady",1980,1101,9927,0.643
"The Platters","My Prayer",1956,11007,8048,0.545
"Kyu Sakamoto","Sukiyaki",1963,11006,5327,0.538
"Donny Osmond","Puppy Love",1972,11001,5423,0.010
"Johnny Nash","I Can See Clearly Now",1972,11,8907,0.532
"Maroon 5","This Love",2004,10997,5009,1.761
"The Proclaimers","I'm Gonna Be (500 miles)",1993,10996,5011,0.515
"Elvis Presley","(Let Me Be Your) Teddy Bear",1957,10984,6166,0.512
"Jay-Z & Alicia Keys","Empire State Of Mind",2009,10975,7903,0.511
"Avril Lavigne","Sk8er Boi",2002,10974,4366,1.844
"Charles & Eddie","Would I Lie to You?",1992,10971,1604,1.096
"No Mercy","Where Do You Go?",1996,10968,3084,1.031
"Hall & Oates","Maneater",1982,10962,6409,0.519
"Sister Sledge","We Are Family",1979,10961,9627,0.526
"Elton John","Philadelphia Freedom",1975,10958,9958,0.583
"La Bouche","Be My Lover",1995,10956,3618,1.035
"The Andrews Sisters","I Can Dream, Can't I?",1950,10953,9574,0.524
"KC & The Sunshine Band","Please Don't Go",1980,10946,4675,0.526
"Glenn Medeiros","Nothing's Gonna Change My Love For You",1987,1094,1605,0.515
"REO Speedwagon","Keep On Loving You",1981,10931,9152,0.548
"Petula Clark","This is My Song",1967,10925,511,0.537
"Seal","Crazy",1991,10921,3988,1.099
"Love Unlimited","Love's Theme",1974,10913,7639,0.625
"Los Bravos","Black is Black",1966,10906,6121,0.577
"Paula Abdul","Straight Up",1989,10906,5766,2.200
"Beyonce","Halo",2009,1089,4928,1.000
"Leroy Anderson","Blue Tango",1952,1088,10015,0.533
"Christina Aguilera","What a Girl Wants",2000,10876,4211,1.238
"Jane Birkin & Serge Gainsbourg","Je T'Aime (Moi Non Plus)",1969,10866,1733,0.521
"The Pussycat Dolls","Stickwitu",2005,10865,4391,0.521
"Roy Orbison","Crying",1961,10858,1037,0.559
"Baltimora","Tarzan Boy",1985,10851,2883,0.510
"Paul Mauriat & his Orchestra","Love Is Blue (L'Amour Est Bleu)",1968,10834,1015,0.700
"Crowded House","Don't Dream It's Over",1987,10828,4961,1.080
"Fred Astaire","Cheek to Cheek",1935,10825,9276,0.526
"Stevie Wonder","Sir Duke",1977,10825,7527,0.533
"Whitney Houston","I'm Your Baby Tonight",1990,10809,4446,2.037
"Amy Grant","Baby Baby",1991,10803,6891,1.690
"Singing Nun (Soeur Sourire)","Dominique",1963,10803,5755,0.534
"Kevin Lyttle","Turn Me On",2004,10801,384,1.272
"Baha Men","Who Let the Dogs Out?",2000,10798,2549,1.212
"Crystal Waters","Gypsy Woman (La Da Dee)",1991,10778,2435,2.680
"Peaches & Herb","Reunited",1979,10777,7966,0.567
"Luther Vandross & Mariah Carey","Endless Love",1994,10772,4388,1.520
"Kool & The Gang","Cherish",1985,1077,3962,1.055
"Les Paul & Mary Ford","Mockin' Bird Hill",1951,10769,5069,0.524
"Chris Brown","Forever",2008,10765,5117,0.625
"Eddy Grant","Electric Avenue",1983,10763,5337,0.524
"Mariah Carey","All I Want For Christmas is You",1995,1073,3139,3.034
"Colbie Caillat","Bubbly",2007,10727,4357,1.267
"Kay Kyser","On a Slow Boat to China",1948,10712,2571,0.517
"Maroon 5","Makes Me Wonder",2007,10711,3763,2.782
"Hall & Oates","I Can't Go For That (No Can Do)",1982,10708,8341,0.525
"The New Radicals","You Get What You Give",1999,1069,2313,2.556
"The Turtles","Happy Together",1967,10688,12094,0.515
"Mr Mister","Broken Wings",1985,10682,5176,0.532
"Bessie Smith","Down Hearted Blues",1923,1068,9141,0.530
"Olivia Newton-John","Hopelessly Devoted to You",1978,10663,6076,0.526
"Britney Spears","Gimme More",2007,10662,2758,1.287
"Paul McCartney","Another Day",1971,10651,5014,0.530
"Patti LaBelle & Michael McDonald","On My Own",1986,10629,6121,0.591
"Madonna","Don't Cry For Me Argentina",1997,10593,2503,1.155
"Marvin Gaye","Let's Get it On",1973,10593,16494,0.520
"Creedence Clearwater Revival","Travellin' Band",1970,10591,8125,0.512
"Shakespear's Sister","Stay",1992,1059,3789,0.530
"Connie Francis","Everybody's Somebody's Fool",1960,10589,4477,0.600
"George Michael","I Want Your Sex",1987,10582,4816,0.518
"Madonna","True Blue",1986,10568,385,0.511
"Natasha Bedingfield","These Words",2004,10564,3597,0.538
"The Four Seasons","Big Girls Don't Cry",1962,10556,8832,0.513
"The Tremeloes","Silence is Golden",1967,10547,347,0.513
"Neil Sedaka","Oh Carol",1959,10545,1325,0.537
"Peter Cetera","Glory of Love",1986,10543,6067,0.538
"Terence Trent D'Arby","Wishing Well",1987,10537,622,0.529
"Coldplay","Clocks",2003,10537,6243,0.517
"Justin Timberlake","Rock Your Body",2003,10521,4321,0.523
"The Pet Shop Boys","Go West",1993,1052,701,1.912
"Harry James","I've Heard That Song Before",1943,10519,10092,0.519
"Walter Murphy & The Big Apple Band","A Fifth of Beethoven",1976,10511,7995,0.522
"Dire Straits","Sultans of Swing",1979,10508,6828,0.556
"BLACKstreet & Dr Dre","No Diggity",1996,10504,5616,1.039
"The Pussycat Dolls","Buttons",2006,105,4783,0.537
"Tommy James & the Shondells","Mony Mony",1968,10492,9035,0.528
"Deee-Lite","Groove is in the Heart",1990,10481,6896,1.105
"The Emotions","Best of My Love",1977,10478,9501,0.667
"Yazz & The Plastic Population","The Only Way is Up",1988,10476,51,0.515
"The Hollies","Long Cool Woman in a Black Dress",1972,10457,7352,0.513
"Ne-Yo","Because of You",2007,10428,3843,3.013
"Madonna","Sorry",2006,10427,1468,1.114
"George Michael","Praying For Time",1990,10424,3406,2.024
"Spandau Ballet","TRUE",1983,10409,4102,0.540
"Rockwell","Somebody's Watching Me",1984,10403,4647,0.532
"Fool's Garden","The Lemon Tree",1996,10386,2,0.625
"Free","All Right Now",1970,10385,7373,0.510
"The New Seekers","I'd Like to Teach the World to Sing",1972,10372,4752,1.510
"The Royal Scots Dragoon Guards","Amazing Grace",1972,10364,1699,0.010
"U2","The Fly",1991,10346,1218,1.262
"Spice Girls","Goodbye",1998,10341,2061,1.039
"Lumidee","Never Leave You (Uh Oooh Uh Oooh)",2003,10339,3455,0.536
"Dido","Thank You",2001,10322,4174,2.137
"Linkin Park","What I've Done",2007,10319,4198,2.084
"Foreigner","Waiting For a Girl Like You",1981,10319,8007,0.530
"The Beatles","Eight Days a Week",1965,10303,982,0.545
"The Backstreet Boys","Incomplete",2005,10302,3407,1.377
"Elton John","Daniel",1973,103,6169,0.545
"Chris Brown","With You",2008,10296,5923,0.563
"Mouth & MacNeal","How Do You Do!",1972,10294,4288,0.511
"Beyonce & Jay-Z","Deja Vu",2006,10291,3021,2.583
"Steam","Na Na Hey Hey (Kiss Him Goodbye)",1970,1029,8967,0.513
"White Town","Your Woman",1997,1029,3881,0.529
"Michael Jackson","Ben",1972,1028,7765,0.600
"Michael Jackson","Blood on the Dance Floor",1997,10259,1237,2.010
"Neil Sedaka","Breaking Up is Hard to Do",1962,10258,6587,0.524
"Johnny Mercer","On the Atchison, Topeka & the Santa Fe",1945,10258,9552,0.517
"Bee Gees","You Should Be Dancing",1976,10252,6489,0.533
"The Andrews Sisters","Bei Mir Bist Du Schoen",1938,10247,7329,0.514
"The Beatles","Twist & Shout",1964,10244,10225,0.556
"Vaughn Monroe","Ballerina",1947,10243,821,0.571
"Billy Joel","Just the Way You Are",1978,10238,9255,1.055
"Sammy Kaye","Daddy",1941,10234,7279,0.512
"Lynyrd Skynyrd","Sweet Home Alabama",1974,10212,12188,0.514
"Dusty Springfield & The Pet Shop Boys","What Have I Done to Deserve This",1987,10203,4365,0.530
"50 Cent & Justin Timberlake","Ayo Technology",2007,10198,277,1.048
"Modjo","Lady (Hear Me Tonight)",2000,10174,1273,1.049
"Gene Austin","Bye Bye, Blackbird",1926,10174,8658,0.556
"The Byrds","Turn! Turn! Turn! (To Everything There is a Season)",1965,10157,12094,0.512
"The Ink Spots","We Three (My Echo, My Shadow & Me)",1941,10157,551,0.511
"Madonna","Don't Tell Me",2000,10139,3407,1.115
"Celine Dion","Think Twice",1995,10139,511,0.519
"KC & The Sunshine Band","(Shake, Shake, Shake) Shake Your Booty",1976,10138,644,0.527
"Cutting Crew","(I Just) Died in Your Arms Tonight",1986,10133,3815,0.516
"Missy 'Misdemeanor' Elliott","Work It",2002,10105,6366,0.625
"Madonna","American Life",2003,10104,727,2.537
"Rosemary Clooney","Mambo Italiano",1954,10101,3144,0.512
"Carly Simon","Nobody Does it Better",1977,10097,8106,0.545
"Whitney Houston","One Moment in Time",1988,10094,2283,1.065
"Yes","Owner of a Lonely Heart",1984,10089,524,0.540
"James Blunt","1973",2007,10088,514,1.745
"Celine Dion","It's All Coming Back to Me Now",1996,10088,3746,1.024
"Leo Sayer","More Than I Can Say",1980,10079,5217,0.518
"The Simpsons","Do the Bartman",1991,10077,1024,0.600
"Lesley Gore","It's My Party",1963,10058,8349,0.513
"Vic Damone","You're Breakin' My Heart",1949,10054,6879,0.538
"Glenn Miller","That Old Black Magic",1943,10053,8,0.513
"Smokey Robinson","Tears of a Clown",1970,10045,9637,0.512
"Sugar Ray","Every Morning",1999,10028,4696,2.602
"The Calling","Wherever You Will Go",2002,10026,3262,1.135
"Stevie Wonder","You Are the Sunshine of My Life",1973,10019,11744,0.537
"Club Nouveau","Lean On Me",1987,10014,5164,0.515
"Janet Jackson","Again",1993,10012,6805,1.720
"Perry Como","Chi-Baba, Chi-Baba (My Bambino Go to Sleep)",1947,10011,6967,0.512
"Chad Kroeger","The Hero",2002,10009,3032,1.042
"Spice Girls","Spice Up Your Life",1997,9987,3054,1.514
"INXS","Suicide Blonde",1990,9986,368,1.178
"Donna Summer","MacArthur Park",1978,9985,6228,0.625
"KLF","3am Eternal",1991,9981,371,1.621
"Mr President","Coco Jamboo",1996,9977,2106,1.056
"Mariah Carey","Always Be My Baby",1996,9973,5488,1.656
"Kelly Clarkson","My Life Would Suck Without You",2009,9967,3806,0.512
"Guns n' Roses","November Rain",1992,9962,5736,0.545
"The Spin Doctors","Two Princes",1993,9953,4025,1.038
"Annie Lennox","No More 'I Love Yous'",1995,9952,1771,1.524
"Pitbull","I Know You Want Me (calle Ocho)",2009,993,4798,0.512
"Destiny's Child","Bootylicious",2001,9927,5032,0.750
"Perry Como","Some Enchanted Evening",1949,9924,7778,0.523
"Soul II Soul","Back to Life (However Do You Want Me)",1989,9908,4505,1.741
"Red Hot Chili Peppers","By the Way",2002,9904,23,2.587
"Ringo Starr","It Don't Come Easy",1971,9904,7955,0.523
"Beyonce","Baby Boy",2003,9895,4967,0.534
"The Three Degrees","When Will I See You Again?",1974,9886,7276,0.511
"Will Smith","Switch",2005,9882,4113,0.526
"Fairground Attraction","Perfect",1988,9878,512,0.591
"Heart","Alone",1987,9877,5311,0.512
"Cab Calloway & his Cotton Club Orchestra","Minnie the Moocher",1931,9876,8412,0.531
"Robbie Williams","Rock DJ",2000,9874,2,1.085
"TLC","Unpretty",1999,9845,5664,0.583
"Nat King Cole","Pretend",1953,9842,3992,0.591
"Akon & Snoop Dogg","I Wanna Love You",2007,9842,652,0.577
"Simply Red","Fairground",1995,9841,2,1.500
"Dean Martin","Everybody Loves Somebody",1964,984,11146,0.545
"En Vogue","Don't Let Go (Love)",1997,9832,3727,0.534
"Millie Small","My Boy Lollipop",1964,983,6068,0.522
"Chris Brown & T-Pain","Kiss Kiss",2007,9829,5278,1.084
"Bone Thugs-n-Harmony","Tha Crossroads",1996,9812,6429,0.519
"Ricky Martin","La Copa De La Vida",1998,9806,1089,0.514
"Martika","Toy Soldiers",1989,9803,4084,2.101
"Frank Sinatra","Learnin' the Blues",1955,9796,5106,0.510
"Creedence Clearwater Revival","Have You Ever Seen the Rain?",1971,9785,6886,0.667
"Steve Winwood","Roll With It",1988,9784,6986,1.033
"Anastacia","I'm Outta Love",2000,9779,511,0.514
"James Taylor","You've Got a Friend",1971,9766,12612,0.563
"Regina Belle & Peabo Bryson","A Whole New World (Aladdin's Theme)",1993,9764,743,1.725
"Jennifer Lopez","I'm Real",2001,9763,446,1.090
"The Carpenters","Yesterday Once More",1973,9749,5537,0.583
"The Rolling Stones","Ruby Tuesday",1967,9731,11451,0.519
"Toni Braxton","Breathe Again",1994,9727,3923,2.077
"Wham!","I'm Your Man",1985,9712,2916,0.513
"U2","The Sweetest Thing",1998,9705,179,1.000
"Kay Kyser","(I Got Spurs That) Jingle, Jangle, Jingle",1942,9679,7741,0.514
"John Paul Young","Love is in the Air",1978,9678,3487,0.513
"Supertramp","The Logical Song",1979,9659,4775,0.538
"En Vogue","All My Lovin' (You're Never Gonna Get It)",1992,965,6507,2.073
"T.I. & Rihanna","Live Your Life",2008,9647,5898,0.529
"Smokey Robinson","Being With You",1981,9636,6799,0.519
"Green Day","American Idiot",2004,9631,4006,2.100
"Chic","Good Times",1979,963,9271,0.518
"Billy Joel","My Life",1979,9621,7429,0.515
"Earth, Wind & Fire","Let's Groove",1981,962,6433,1.138
"Deep Blue Something","Breakfast At Tiffany's",1996,9615,3564,1.571
"The Ames Brothers","Rag Mop",1950,9605,8439,0.520
"A Taste of Honey","Boogie Oogie Oogie",1978,9601,8037,0.529
"Ricky Martin","(Un Dos Tres) Maria",1997,9596,1345,1.031
"Usher","U Got it Bad",2002,9594,644,0.517
"Boyz II Men","On Bended Knee",1994,9593,5794,1.674
"Cliff Richard","Summer Holiday",1963,9584,2,0.511
"Styx","Babe",1979,9584,6467,0.528
"Cyndi Lauper","True Colors",1986,9578,3818,1.067
"Vernon Dalhart","The Prisoner's Song",1925,9576,8019,0.653
"Michael Jackson","The Way You Make Me Feel",1988,9576,4326,0.515
"Nat King Cole","(I Love You) For Sentimental Reasons",1946,9572,79,0.545
"Phil Collins","One More Night",1985,9555,4934,0.520
"KC & The Sunshine Band","Get Down Tonight",1975,9553,7948,0.548
"Maxi Priest","Close to You",1990,9545,5016,1.875
"Sandra","(I'll Never Be) Maria Magdalena",1985,9531,2,0.512
"The Cowsills","Hair",1969,953,6876,0.512
"Pink","Stupid Girls",2006,9529,3082,1.190
"The Cars","Drive",1984,9524,3683,1.036
"Robbie Williams","Feel",2002,9522,712,0.625
"Georgie Fame","Ballad of Bonnie & Clyde",1968,952,4879,0.532
"Jimmy Dorsey","Maria Elena",1941,9518,612,0.550
"Snoop Dogg & Charlie Wilson & Justin Timberlake","Signs",2005,9517,2824,0.515
"The Seekers","Georgy Girl",1967,9516,8924,0.543
"Donovan","Atlantis",1969,9516,4137,0.516
"Beck","Loser",1994,9508,5787,1.105
"Whitney Houston","I Have Nothing",1993,9507,4698,1.622
"Captain & Tennille","Do That to Me One More Time",1980,9507,8221,0.538
"Stevie B","Because I Love You (The Postman Song)",1991,9504,5191,2.864
"Simple Minds","Alive & Kicking",1985,9489,3801,0.521
"The Carpenters","We've Only Just Begun",1970,9488,11151,0.510
"Barry Manilow","Mandy",1975,9488,7031,0.540
"Jon Secada","Just Another Day",1992,9486,4287,1.210
"Minnie Riperton","Loving You",1975,9484,8107,0.533
"Spiller & Sophie Ellis-Bextor","Groovejet (If This Ain't Love)",2000,9472,711,1.028
"Pink","Don't Let Me Get Me",2002,9471,4406,0.529
"The Rembrandts","I'll Be There For You",1995,9456,2566,1.400
"Metallica","Until it Sleeps",1996,9439,2574,0.591
"Alanis Morissette","Thank U",1998,9439,2349,1.523
"Jay Sean & Lil' Wayne","Down",2009,9431,7022,0.524
"The Shadows","Apache",1960,9426,705,0.519
"Maureen McGovern","The Morning After",1973,9425,8255,0.523
"Tex Williams & The Western Caravan","Smoke! Smoke! Smoke! (That Cigarette)",1947,9422,8924,0.550
"Frank Chacksfield","Terry's Theme From 'Limelight'",1953,942,2654,0.529
"Britney Spears","Piece Of Me",2008,9416,4517,0.583
"PM Dawn","Set Adrift On a Memory of Bliss",1991,9414,5096,1.585
"Santana & Michelle Branch","The Game of Love",2002,9413,3198,2.541
"Usher","You make Me Wanna",1997,941,5408,0.526
"Nicki French","Total Eclipse of the Heart",1995,9409,4437,1.559
"Bob Sinclar, Goleo VI & Gary 'Nesta' Pine","Love Generation",2005,9407,611,0.559
"My Chemical Romance","Welcome to the Black Parade",2006,9369,4849,1.700
"Ne-Yo","Closer",2008,9368,4317,0.523
"Spice Girls","Viva Forever",1998,9361,714,1.035
"Fanny Brice","My Man",1922,9359,7913,0.563
"Michael Jackson","Dirty Diana",1988,935,3294,0.513
"Vaughn Monroe","Let it Snow! Let it Snow! Let it Snow!",1946,935,799,0.516
"Oasis","Don't Look Back in Anger",1996,9341,2347,1.050
"Paul Young","Every Time You Go Away",1985,9335,5317,0.524
"Ben Bernie","Sweet Georgia Brown",1925,9333,7893,0.559
"Ciara & Missy 'Misdemeanor' Elliot","1-2 Step",2005,9332,4645,1.022
"Elton John","Your Song",1971,9309,9784,0.513
"Cher","If I Could Turn Back Time",1989,9309,5218,1.615
"Madonna","Material Girl",1985,9309,5391,0.526
"Survivor","Burning Heart",1986,9305,3943,0.517
"Britney Spears","(You Drive Me) Crazy",1999,9303,2239,0.511
"Rod Stewart","Rhythm of My Heart",1991,9301,2352,1.217
"Bryan Adams","Can't Stop This Thing We Started",1991,93,4605,1.079
"Freddy Martin","Symphony",1946,9296,6762,0.519
"Michael Jackson","They Don't Care About Us",1996,9294,1047,0.519
"Charlene","I've Never Been to Me",1982,9292,3452,0.517
"Gwen Stefani","Wind It Up",2006,9283,2209,2.026
"Nelly Furtado","I'm Like a Bird",2001,9282,2929,1.677
"Shaggy","Oh Carolina",1993,9279,1017,1.118
"The Beatles","Please Please Me",1964,9278,6569,0.700
"Tommy Dorsey & Frank Sinatra","There Are Such Things",1943,9277,7364,0.516
"Justin Timberlake","Cry Me a River",2003,9264,4894,0.512
"Vanessa Williams","Colors of the Wind",1995,9253,7121,0.625
"Marvin Gaye","What's Going On?",1971,9239,13497,0.548
"KLF","Justified & Ancient",1992,9234,2315,0.556
"Elton John","Bennie & the Jets",1974,9231,9002,0.542
"The Jackson 5","ABC",1970,9212,9962,1.101
"The Four Seasons","Sherry",1962,9193,7056,0.513
"Dinah Shore","I'll Walk Alone",1944,9189,7612,0.518
"Nat King Cole","The Christmas Song (Chestnuts Roasting On An Open Fire)",1946,9179,8429,0.010
"Aerosmith","Cryin'",1993,9176,4472,0.519
"Middle of The Road","Chirpy, Chirpy, Cheep, Cheep",1971,9175,2,0.010
"No Doubt","It's My Life",2003,916,3673,0.534
"The Doors","Touch Me",1969,9156,985,0.510
"Mariah Carey","Emotions",1991,9154,5127,2.726
"Evanescence","Call me when you're sober",2006,9148,4832,1.084
"Earth, Wind & Fire","Boogie Wonderland",1979,9148,5866,0.513
"Paul Simon","50 Ways to Leave Your Lover",1976,9136,9253,0.513
"Wings","My Love",1973,9134,7247,0.577
"Rod Stewart","You're in My Heart (The Final Acclaim)",1977,9129,4893,0.540
"Notorious BIG & P Diddy","Mo Money Mo Problems",1997,9123,5279,1.057
"Bee Gees","How Do You Mend a Broken Heart",1971,9121,9134,0.700
"Jerry Murad's Harmonicats","Peg o' My Heart",1947,9118,8571,0.591
"Michael Bolton","How am I Supposed to Live Without You?",1990,9111,373,1.806
"Sting","If I Ever Lose My Faith in You",1993,9111,3227,1.553
"Billy Joel","We Didn't Start the Fire",1989,9105,6358,2.032
"Madonna","You'll See",1995,9084,3226,1.510
"Three Dog Night","Mama Told Me Not to Come",1970,907,9946,0.515
"Whitney Houston","All the Man That I Need",1991,9066,4583,1.894
"Mariah Carey","Someday",1991,9065,5844,2.093
"Lulu","To Sir, With Love",1967,906,14572,0.534
"Jimmy Dorsey","Green Eyes",1941,9045,7244,0.545
"Toni Braxton","You're Makin' Me High",1996,904,4093,2.552
"Bee Gees","I Started a Joke",1969,9038,4257,0.611
"Sisqo","Thong Song",2000,9032,3571,0.611
"Simon & Garfunkel","The Boxer",1969,9015,7212,0.519
"Four Aces","Mister Sandman",1955,9012,3011,0.550
"Supertramp","It's Raining Again",1982,9006,1623,0.530
"George Michael","Father Figure",1988,9004,5378,0.534
"Oasis","D'You Know What I Mean?",1997,8998,702,2.013
"Enrique Iglesias","Bailamos",1999,8997,4196,0.537
"N-Trance & Ricardo Da Force","Stayin' Alive",1995,8978,1072,1.158
"Staff Sergeant Barry Sadler","Ballad of the Green Berets",1966,8974,127,0.010
"Samantha Sang","Emotion",1978,8973,509,0.591
"Barbra Streisand & Donna Summer","No More Tears (Enough is Enough)",1979,8972,6268,0.516
"Avril Lavigne","I'm With You",2003,8972,3948,1.290
"Counting Crows","Mr Jones",1994,8956,412,1.029
"The Stylistics","You Make Me Feel Brand New",1974,8532,7374,0.700
"Harry Richman","Puttin' on the Ritz",1930,8532,7179,0.548
"Level 42","Lessons in Love",1986,8526,1092,0.511
"Middle of The Road","Sacramento (A Wonderful Town)",1972,8524,2,0.522
"Quarterflash","Harden My Heart",1982,8518,5371,0.514
"Anne Murray","You Needed Me",1978,8512,6938,0.529
"Jefferson Starship","Sara",1986,851,3697,0.517
"Eddy Grant","I Don't Wanna Dance",1983,8503,519,0.513
"Whitney Houston","I'm Every Woman",1993,8501,4234,1.350
"Ashanti","Foolish",2002,85,4659,1.000
"Bon Jovi","This Ain't a Love Song",1995,8499,1609,1.577
"Robin S","Show Me Love",1993,8497,4696,1.584
"George Michael","Freedom",1990,8496,3657,0.700
"Glenn Miller","A String of Pearls",1942,8477,798,0.523
"Los Indios Tabajaras","Maria Elena",1963,8474,2957,0.512
"Guns n' Roses","You Could Be Mine",1991,8467,2522,1.417
"The Escape Club","Wild Wild West",1988,8464,5544,1.178
"N Sync","Girlfriend",2002,8459,296,1.025
"The Surfaris","Wipe Out",1963,8454,7541,0.522
"The Human League","Human",1986,8448,5022,0.548
"Dionne Warwick","Heartbreaker",1982,8447,2337,0.511
"The Hollies","Bus Stop",1966,8445,5447,0.643
"Toni Braxton","He Wasn't Man Enough",2000,8441,3075,2.011
"Middle of The Road","Soley, Soley",1971,8437,2,0.583
"Al Trace","You Call Everybody Darlin'",1948,8437,7345,0.515
"Natasha Bedingfield","Unwritten",2005,8431,5127,0.521
"Fall Out Boy","This Ain't A Scene, It's An Arms Race",2007,8418,3996,1.066
"Chris Norman & Suzi Quatro","Stumblin' In",1979,8412,4429,0.571
"Tony Rich Project","Nobody Knows",1996,8395,3894,1.581
"Perry Como","Papa Loves Mambo",1954,8392,498,0.512
"2Pac","Changes",1999,8387,1946,0.531
"Frankie Laine","Jezebel",1951,8374,5652,0.511
"Nelly Furtado","Maneater",2006,8372,1878,0.559
"Captain Hollywood Project","More & More",1993,8371,2117,1.084
"Madonna","Erotica",1992,8367,2299,2.028
"Margaret Whiting","A Tree in the Meadow",1948,8365,728,0.513
"Creedence Clearwater Revival","Green River",1969,8362,9091,0.545
"The Lemon Pipers","Green Tambourine",1968,8357,8743,0.510
"Frank Chacksfield","Ebb Tide",1953,8352,3783,0.526
"Michael Jackson","Man in the Mirror",1988,8349,5648,0.536
"Creedence Clearwater Revival","Down On the Corner",1969,8349,702,0.511
"Patti Smith & Don Henley","Sometimes Love Just Ain't Enough",1992,8347,4637,1.740
"Isham Jones","It Had to Be You",1924,8319,6984,0.550
"The White Stripes","7 Nation Army",2003,8315,4113,0.511
"The Lighthouse Family","High",1998,8312,2,0.523
"Neneh Cherry","Buffalo Stance",1989,8309,4931,1.263
"Ce Ce Peniston","Finally",1992,8307,4342,2.063
"KC & The Sunshine Band","I'm Your Boogie Man",1977,8307,646,0.583
"The Temptations","Just My Imagination (Running Away With Me)",1971,8303,12425,0.511
"Suzanne Vega","Luka",1987,829,5047,0.529
"Lou Reed","Walk On the Wild Side",1973,829,763,0.511
"Johnny Mercer","Personality",1946,8288,8389,0.513
"The Black Eyed Peas","Let's Get it Started",2004,8286,4313,1.039
"Count Basie","Open The Door, Richard!",1947,8284,7815,0.512
"Electric Light Orchestra","Livin' Thing",1976,828,2922,0.532
"Ted Weems","Heartaches",1947,8274,7779,0.534
"Bon Jovi","Bed of Roses",1993,8271,326,1.596
"Laura Branigan","Gloria",1982,8269,4668,0.540
"No Doubt","Hey Baby",2002,8269,3134,1.179
"Gregory Abbott","Shake You Down",1987,8251,5712,0.550
"Doris Day","It's Magic",1948,825,581,0.532
"Patti Page","All My Love",1950,8242,5922,0.538
"New Kids On The Block","You Got it (The Right Stuff)",1989,8242,3667,0.700
"Tears For Fears","Sowing the Seeds of Love",1989,8222,3987,1.611
"Danyel Gerard","Butterfly",1971,8215,513,0.010
"Elvis Presley","I Need Your Love Tonight",1959,8203,2503,0.559
"Buzz Clifford","Baby Sittin' Boogie",1961,8194,2921,0.524
"JoJo","Leave (Get Out)",2004,8191,4008,0.571
"Elton John","Rocket Man",1972,8189,723,0.537
"Linkin Park","Somewhere I Belong",2003,8181,1115,1.891
"Justin Timberlake","Like I Love You",2002,8174,3232,0.700
"Chesney Hawkes","The One & Only",1991,8174,1621,1.036
"The Pet Shop Boys","Domino Dancing",1988,8169,1262,1.265
"Mary J Blige","Be Without You",2006,8167,5534,0.550
"Freddy Martin","To Each His Own",1946,8166,5653,0.514
"Merrilee Rush","Angel of the Morning",1968,8162,5783,0.527
"Ella Fitzgerald & The Ink Spots","Into Each Life Some Rain Must Fall",1944,8161,4607,0.518
"Gwen Stefani","Rich Girl",2005,8154,3566,0.517
"Tag Team","Whoomp! (There it Is)",1993,8154,6694,0.553
"Diana Ross","Theme From 'Mahogany' (Do You Know Where You're Going To)",1976,8151,7312,0.520
"Third Eye Blind","Semi-Charmed Life",1997,8148,5434,1.836
"Sammy Kaye","Harbour Lights",1950,8136,8433,0.548
"Fine Young Cannibals","Good Thing",1989,8124,4785,1.183
"Wheatus","Teenage Dirtbag",2001,8124,721,0.512
"Bing Crosby & Carmen Cavallaro","I Can't Begin to Tell You",1945,8116,7442,0.516
"Wilson Phillips","Release Me",1990,8105,4519,1.183
"Timmy Thomas","Why Can't We Live Together?",1973,8105,5645,0.536
"The Floaters","Float On",1977,8102,4798,0.536
"Prince","Cream",1991,8099,5111,1.869
"Elton John","Believe",1995,8094,2131,1.056
"Gene Austin","My Blue Heaven",1927,8093,6762,0.567
"Limp Bizkit","Behind Blue Eyes",2004,8087,178,0.563
"Penny McLean","Lady Bump",1976,8086,521,0.517
"Christina Aguilera & Redman","Dirrty",2002,8082,1236,0.563
"Janet Jackson","Love Will Never Do (Without You)",1991,8075,495,2.014
"Frankie Laine","That's My Desire",1947,807,4938,0.511
"Blur","Country House",1995,8065,1292,1.344
"Hugo Montenegro","The Good the Bad & the Ugly",1968,8064,6447,0.521
"Gloria Estefan","Coming Out of the Dark",1991,8064,425,1.788
"Beyonce","Sweet Dreams",2009,8058,3627,0.511
"Chicago","Look Away",1989,8051,6575,1.192
"Salt-N-Pepa & En Vogue","Whatta Man",1994,8048,547,1.034
"Al Jolson","California, Here I Come",1924,8039,6739,0.542
"The Police","Roxanne",1979,8037,6427,0.512
"Cher","Bang Bang (My Baby Shot Me Down)",1966,8036,5543,0.522
"Ricky Martin & Christina Aguilera","Nobody Wants to Be Lonely",2001,8036,2146,0.553
"Britney Spears","3",2009,8034,4179,0.526
"The McCoys","Hang On Sloopy",1965,8034,8566,0.515
"Christopher Cross","Sailing",1980,8018,7367,0.577
"Benny Goodman","Jersey Bounce",1942,8016,6203,0.527
"P Diddy & Jimmy Page","Come With Me",1998,8014,2171,0.522
"George Harrison","All Those Years Ago",1981,8006,4655,0.523
"The Black Eyed Peas","Don't Lie",2005,7998,2694,1.899
"Tone Loc","Wild Thing",1989,7992,6075,1.083
"Montell Jordan","This is How We Do It",1995,7984,5394,1.120
"Phil Collins","I Wish it Would Rain Down",1990,7979,207,1.268
"Atlantic Starr","Always",1987,7978,4515,1.144
"Corona","Rhythm of the Night",1994,7953,2151,0.556
"Sean Paul","We Be Burnin'",2005,7949,3777,0.571
"Eric Carmen","All By Myself",1976,7942,5563,0.563
"Frank Sinatra","Love & Marriage",1955,7937,4089,0.517
"Silk","Freak Me",1993,7937,543,1.571
"Andrea True Connection","More, More, More",1976,7914,5859,0.526
"US3","Cantaloop (Flip Fantasia)",1993,7909,4467,1.132
"Eminem","When I'm Gone",2006,7907,2403,0.643
"The Beatles","Love Me Do",1964,7907,8178,0.567
"Original Dixieland Jazz Band","Tiger Rag",1918,7897,5224,0.529
"Baby Bash","Suga Suga",2004,7892,356,0.528
"Sylvers","Boogie Fever",1976,7882,7046,0.515
"Franz Ferdinand","Take Me Out",2004,7881,5264,1.522
"Daft Punk","One More Time",2000,788,1759,1.358
"Adam Clayton & Larry Mullen","Theme From 'Mission Impossible'",1996,7879,2626,1.272
"Samantha Mumba","Gotta Tell You",2000,7877,2506,1.053
"Underworld","Born Slippy",1996,7875,1544,1.500
"Nelly, P Diddy & Murphy Lee","Shake Ya Tailfeather",2003,7869,4737,0.513
"Elton John","Little Jeannie",1980,7867,5095,0.556
"Prince","1999",1983,7842,5973,0.511
"Heavy D & The Boyz","Now That We Found Love",1991,7836,2879,2.500
"Donovan","Hurdy Gurdy Man",1968,7835,5599,0.529
"Huey Lewis & The News","Stuck With You",1986,7831,3836,0.512
"Shakira","La Tortura",2005,783,3242,1.047
"Mariah Carey","Touch My Body",2008,7828,3994,0.533
"Elton John","Sacrifice",1990,7821,756,1.042
"Cheap Trick","The Flame",1988,7818,4334,1.037
"Richard Harris","MacArthur Park",1968,7817,6431,0.625
"Les Baxter & his Orchestra","Unchained Melody",1955,7816,565,0.528
"Nina Sky","Move Ya Body",2004,7816,3861,0.550
"Mariah Carey","Don't Forget About Us",2006,7815,4629,1.129
"Brandy","Have You Ever?",1999,7807,4218,1.037
"Debbie Gibson","Lost in Your Eyes",1989,7807,4759,2.063
"Glenn Miller","When You Wish Upon a Star",1940,7802,5312,0.518
"The Fray","Over My Head (Cable Car)",2006,78,4912,1.598
"Tasmin Archer","Sleeping Satellite",1992,7799,1243,1.077
"Tracy Chapman","Give Me One Reason",1996,7799,4733,0.510
"Billy Paul","Me & Mrs Jones",1973,7794,735,0.550
"Bob Marley","No Woman, No Cry",1975,7794,6434,0.522
"Elton John","Island Girl",1975,779,685,0.559
"Frankie Carle","Rumors Are Flying",1946,7783,7837,0.515
"Lil' Wayne","Lollipop",2008,7765,605,0.514
"Frank Sinatra","Three Coins in the Fountain",1954,7763,3093,0.513
"Smash Mouth","All Star",1999,7762,4996,1.065
"Faith Hill","Breathe",2000,7754,6573,1.065
"Usher","U Remind Me",2001,7751,4318,0.643
"Bobby Brown","My Perogative",1988,7733,515,0.833
"Guns n' Roses","Paradise City",1989,773,4534,1.157
"Sheryl Crow","Strong Enough",1995,7726,3582,1.591
"Amerie","1 Thing",2005,7722,4165,2.014
"Eddy Howard","To Each His Own",1946,7712,6383,0.518
"Hall & Oates","Kiss On My List",1981,7708,6575,1.082
"Aerosmith","Jaded",2001,7701,2267,3.020
"Tom Cochrane","Life is a Highway",1992,77,4333,1.196
"Five for Fighting","Superman (It's Not Easy)",2002,7699,4502,0.516
"Elton John","Lucy in the Sky With Diamonds",1974,7694,656,0.520
"Steppenwolf","Magic Carpet Ride",1968,7688,8683,0.512
"Gabrielle","Dreams",1993,7687,1563,1.102
"The Corrs","Breathless",2000,7684,1042,2.011
"Green Day","Wake Me Up When September Ends",2005,7682,491,0.529
"Eiffel 65","Move Your Body",2000,768,61,0.519
"Roxette","Fading Like a Flower (Every Time You Leave)",1991,7676,2781,1.590
"3T","Anything",1996,7676,2873,0.513
"Bette Midler","From a Distance",1990,7673,5165,2.053
"Matchbox Twenty","Bent",2000,7666,5423,0.548
"Chuck Berry","Maybellene",1955,7656,8679,0.511
"Elvis Presley","Burning Love",1972,7654,6819,0.542
"The Zombies","Time of the Season",1969,7646,9371,0.511
"Kenny Ball & his Jazzmen","Midnight in Moscow",1962,7641,3381,0.556
"Tee Set","Ma belle amie",1970,7638,4711,0.010
"Gary Wright","Dream Weaver",1976,7634,6125,0.529
"Snap","Ooops Up",1990,7622,1279,0.532
"Skeeter Davis","The End of the World",1963,7619,6386,0.545
"Celine Dion","All By Myself",1997,7615,3601,1.055
"Glenn Miller","Elmer's Tune",1941,7607,5931,0.519
"Celine Dion","A New Day Has Come",2002,7606,1806,0.643
"The Carpenters","Superstar",1971,7603,8533,0.514
"Merril Bainbridge","Mouth",1996,76,3148,0.577
"Alanis Morissette","You Learn",1996,7591,3736,1.188
"Lou Rawls","You'll Never Find Another Love Like Mine",1976,7587,5899,0.548
"Rudy Vallee & his Connecticut Yankees","As Time Goes By",1943,7583,711,0.522
"Santana","Black Magic Woman",1970,758,7746,0.550
"Mariah Carey","My All",1998,7577,4543,0.533
"Albert Hammond","It Never Rains in Southern California",1972,7569,5578,0.512
"Sammy Kaye","Chickery Chick",1945,756,6896,0.514
"Ella Fitzgerald & The Ink Spots","I'm Making Believe",1944,7559,7355,0.531
"Jet","Are You Gonna Be My Girl?",2003,7558,4137,2.125
"Linda Ronstadt & Aaron Neville","Don't Know Much",1989,7549,4029,1.147
"Meco","Star Wars Theme - Cantina Band",1977,7549,6373,0.556
"Ashlee Simpson","Pieces of Me",2004,7542,3805,0.571
"Paul McCartney & Michael Jackson","The Girl is Mine",1982,7534,4457,0.526
"Celine Dion & Peabo Bryson","Beauty & the Beast",1992,7525,6817,0.556
"Four Aces","Stranger in Paradise",1955,7524,3768,0.529
"Janet Jackson","If",1993,7524,4329,1.344
"Glenn Medeiros & Bobby Brown","She Ain't Worth It",1990,7516,5114,1.157
"Tina Turner","The Best",1989,75,2146,1.091
"Stacie Orrico","Stuck",2003,7496,1038,2.200
"Simply Red","Holding Back the Years",1986,7493,3845,0.537
"Aerosmith","Livin' On the Edge",1993,7492,321,2.048
"Marvin Gaye","Mercy Mercy Me (The Ecology)",1971,7484,11033,0.518
"Pearl Jam","Last Kiss",1999,7476,4132,0.514
"George Benson","Give Me the Night",1980,7466,4568,0.517
"Red Hot Chili Peppers","Scar Tissue",1999,746,3466,1.896
"The Eurythmics","There Must Be an Angel (Playing With My Heart)",1985,7452,746,0.643
"Tina Turner","I Don't Wanna Fight",1993,7447,2698,1.103
"Def Leppard","Let's Get Rocked",1992,7444,2488,1.212
"Gloria Estefan","I Don't Wanna Lose You",1989,7443,5358,2.131
"Kelly Clarkson","A Moment Like This",2002,7433,4806,0.542
"The Pussycat Dolls","I Hate This Part",2008,7433,4087,0.536
"Paula Abdul","Forever Your Girl",1989,7432,505,1.167
"Britney Spears","Circus",2009,7432,3615,1.500
"Roxette","Dangerous",1990,7431,362,1.667
"Janet Jackson","Black Cat",1990,7427,4344,1.347
"Air Supply","All Out of Love",1980,7426,7065,0.543
"Will To Power","Baby, I Love Your Way",1989,7421,4498,1.327
"The Black Eyed Peas","Pump It",2006,7414,2546,1.130
"MC Hammer","Have You Seen Her",1990,7406,3078,1.599
"Woody Herman","Blues in the Night",1942,7405,6907,0.514
"Frankie Valli","My Eyes Adored You",1975,7404,7324,0.524
"Benny Goodman","Taking A Chance On Love",1943,7399,5653,0.523
"Sammy Kaye","The Old Lamplighter",1946,7397,7409,0.522
"Badfinger","Day After Day",1972,7394,6804,0.528
"Jeannie C Riley","Harper Valley PTA",1968,7378,9449,0.010
"Red Hot Chili Peppers","Snow, Hey Oh",2006,7375,2675,1.071
"Depeche Mode","I Feel You",1993,7373,1989,1.089
"Alanis Morissette","You Oughta Know",1995,7366,4042,1.189
"Vangelis","Chariots of Fire",1982,7356,5746,0.537
"Phil Collins","You'll Be in My Heart",1999,7345,4265,1.042
"Dr Alban","It's My Life",1992,7344,511,0.511
"P Diddy, Usher & Loon","I Need a Girl (Part 1)",2002,7338,3148,0.522
"Elton John","Don't Let the Sun Go Down On Me",1974,7338,7493,0.643
"Fleetwood Mac","Don't Stop",1977,7337,5253,0.517
"Madonna","You Must Love Me",1996,7335,5016,0.700
"Jamiroquai","Virtual Insanity",1996,7334,2325,2.658
"Maria McKee","Show Me Heaven",1990,7332,2,0.527
"Mario Lanza","Because You're Mine",1952,7331,2811,0.514
"Kool & The Gang","Get Down On It",1982,733,3956,0.520
"Richard Marx","Hazard",1992,732,2675,0.515
"Faith Hill","There You'll Be",2001,7319,2015,0.518
"Bobby Brown","On Our Own (Theme from 'Ghostbusters II')",1989,7318,4604,1.550
"Frank Sinatra","Mam'selle",1947,7315,3534,0.533
"U2","Stuck in a Moment You Can't Get Out Of",2001,7288,123,0.526
"Lenny Kravitz","Are You Gonna Go My Way?",1993,7287,701,2.167
"Poppy Family","Which Way You Goin' Billy?",1970,7286,6447,0.510
"Taylor Dayne","Love Will Lead You Back",1990,7285,4989,1.383
"Jewel","Foolish Games",1997,7281,541,0.526
"Beyonce & Jay-Z","Ballad of Bonnie & Clyde",2003,728,2323,0.520
"Lenny Kravitz","Fly Away",1999,728,2914,1.047
"Lisa Lisa & Cult Jam","Head to Toe",1987,728,5413,0.518
"Sade","Smooth Operator",1984,7279,4002,1.035
"Paul Anka","Puppy Love",1960,7278,3867,0.550
"Natalie Cole & Nat King Cole","Unforgettable",1991,7278,5189,1.915
"The Goo Goo Dolls","Name",1996,7275,4539,1.647
"Nat King Cole","Smile",1954,7268,1972,0.553
"Harry Nilsson","Everybody's Talkin'",1969,7265,7291,0.525
"Sophie Tucker","Some of These Days",1911,7254,6059,0.511
"Billy Ocean","There'll Be Sad Songs (To Make You Cry)",1986,7254,3921,0.520
"Az Yet","Hard to Say I'm Sorry",1997,7254,323,1.117
"Genesis","No Son of Mine",1991,7253,2339,0.833
"Prince","Thieves in the Temple",1990,7249,3234,2.019
"Rob Thomas","Lonely No More",2005,7249,4291,0.550
"Sheryl Crow","If it Makes You Happy",1996,7248,291,1.515
"Kylie Minogue","Slow",2003,7244,711,0.538
"Linkin Park","Numb",2003,7244,5092,0.524
"Pink","Who knew",2006,7242,3736,0.545
"Michael Jackson","Heal the World",1992,7237,1045,1.071
"Panic! At the Disco","I Write Sins Not Tragedies",2006,7233,5529,0.534
"Linda Ronstadt & James Ingram","Somewhere Out There",1987,7232,6174,0.538
"Spice Girls","Too Much",1998,7229,215,1.153
"REM","Shiny Happy People",1991,7227,3356,1.033
"Timmy T","One More Try",1991,7226,493,1.064
"Whitney Houston","It's Not Right, But It's OK",1999,7219,3048,0.520
"Jennifer Lopez","Waiting For Tonight",1999,7218,2207,0.526
"Milli Vanilli","Blame it On the Rain",1989,7218,4556,1.212
"Color Me Badd","All 4 Love",1991,7216,5045,0.600
"The Romantics","Talking in Your Sleep",1984,7214,3717,0.516
"Craig David","Walking Away",2001,7211,1038,0.520
"John Farnham","You're the Voice",1987,721,512,0.510
"Norah Jones","Don't Know Why",2002,7209,4079,1.286
"The Box Tops","Cry Like a Baby",1968,7206,8626,0.517
"Bee Gees","Lonely Days",1971,7205,6558,0.531
"Oliver","Good Morning Starshine",1969,7204,5327,0.524
"The Backstreet Boys","Larger Than Life",1999,7204,2427,0.511
"Roy Acuff","Wabash Cannonball",1938,7196,6571,0.010
"The Beastie Boys","Intergalactic",1998,7184,2929,1.536
"Gina G","Ooh Aah... Just a Little Bit",1996,7182,2159,1.025
"Oasis","Go Let it Out",2000,7181,201,2.056
"Ricky Martin","She Bangs",2000,7179,1675,1.500
"Haddaway","Life",1993,7178,514,0.515
"George Michael","Too Funky",1992,7176,2392,1.343
"Madonna","Cherish",1989,7176,2787,1.327
"Hanson","I Will Come to You",1997,7174,2398,1.046
"Sheryl Crow","Everyday is a Winding Road",1997,7172,3606,1.069
"OutKast","The Way You Move",2004,7168,5603,0.625
"Rihanna","Hate That I Love You",2007,7163,3679,1.223
"Oasis","The Hindu Times",2002,7156,712,1.368
"Helen Kane","I Wanna Be Loved By You",1928,7149,5962,0.512
"Fergie & will.i.am","Fergalicious",2007,7149,4823,1.054
"OutKast","Roses",2004,7147,418,0.529
"Bruce Channel","Hey Baby",1962,7143,6289,0.511
"Johnny Hates Jazz","Shattered Dreams",1987,7139,3343,1.026
"The Beach Boys","Do it Again",1968,7137,4006,0.518
"The Beastie Boys","Ch-Check it Out",2004,7128,2322,2.111
"Alveno Rey","Deep in the Heart of Texas",1942,7126,6628,0.513
"Faith No More","Easy",1993,7124,1232,1.094
"Missy 'Misdemeanor' Elliott","Lose Control",2005,7122,4573,1.112
"Dionne Farris","I Know",1995,7122,3791,1.694
"Frank Sinatra","All the Way",1957,711,439,0.534
"Mary J Blige & U2","One",2006,7109,512,0.611
"T.I. & Justin Timberlake","Dead & Gone",2009,7098,4317,0.514
"Sousa's Band","Stars & Stripes Forever",1901,7097,5883,0.543
"Neil Diamond","Love On the Rocks",1980,7094,5434,0.513
"All Saints","Pure Shores",2000,7093,712,0.667
"Beats International","Dub Be Good to Me",1990,7093,713,0.511
"Marc Anthony","I Need to Know",1999,709,4554,0.517
"Eric Burdon & War","Spill the Wine",1970,7089,8408,0.523
"Mariah Carey","Love Takes Time",1990,7088,4528,2.045
"Miley Cyrus","Party In The U.s.a.",2009,7085,5026,0.510
"Erasure","Always",1994,7085,284,1.051
"Blur","Song 2",1997,7083,2294,1.025
"New Kids On The Block","Hangin' Tough",1989,7082,4506,0.643
"Sarah McLachlan","Angel",1999,7082,4949,0.511
"String-A-Longs","Wheels",1961,7077,3036,0.522
"Grover Washington Jr","Just the Two of Us",1981,7075,6308,0.529
"Gorillaz","Clint Eastwood",2001,7072,174,0.514
"Aerosmith","Janie's Got a Gun",1990,7071,3415,1.024
"TLC","Red Light Special",1995,7062,4458,1.051
"Sammy Davis Jr","Candy Man",1972,7058,7157,0.512
"The Veronicas","Untouched",2009,705,3529,0.512
"Gym Class Heroes","Cupid's chokehold (Breakfast in America)",2007,7043,4425,0.563
"Sting","All This Time",1991,7038,2445,2.077
"Bruce Springsteen","Human Touch",1992,7032,1274,2.023
"Barenaked Ladies","One Week",1998,703,5298,1.066
"Joe Thomas & Mystikal","Stutter",2001,7025,3878,1.027
"Robert John","Sad Eyes",1979,7021,6061,0.511
"Al Jolson","April Showers",1922,7015,5742,0.611
"Doris Day & Buddy Clark","Love Somebody",1948,7014,485,0.515
"The Osmonds","One Bad Apple",1971,7012,8939,0.519
"Glen Gray","My Heart Tells Me (Should I Believe My Heart)",1944,6998,6783,0.514
"U2","Electrical Storm",2002,6996,715,0.643
"Kool & The Gang","Joanna",1984,6991,3882,1.049
"Nelly","Ride Wit Me",2001,6983,4059,0.510
"Ruby & The Romantics","Our Day Will Come",1963,6983,6236,0.516
"U2","Staring At the Sun",1997,6976,1773,0.520
"Boyz II Men","In The Still Of The Nite (I'll Remember)",1993,6975,471,0.548
"Eric Clapton","Wonderful Tonight",1978,6972,5095,0.515
"Des'ree","You Gotta Be",1995,6971,377,1.167
"Enya","May It Be",2002,6971,2577,0.526
"Busta Rhymes","Turn It Up, Fire It Up",1998,6968,2064,0.511
"Milli Vanilli","Baby Don't Forget My Number",1989,6966,4911,1.272
"Sting & Cheb Mami","Desert Rose",2000,6963,2632,1.056
"Sly & The Family Stone","Dance to the Music",1968,6959,11436,0.529
"Fifth Dimension","Wedding Bell Blues",1969,6957,9186,0.513
"The Beatles","Free As a Bird",1995,6956,1618,2.023
"Glenn Frey","The Heat is On",1985,6952,3674,0.514
"Black Box","Ride On Time",1989,6949,791,0.512
"Guy Lombardo","It's Love-Love-Love",1944,6946,6727,0.515
"KC & The Sunshine Band","Keep it Comin' Love",1977,6946,4642,0.529
"Sweetbox","Everything's Gonna Be Alright",1998,6943,522,2.000
"The Andrews Sisters","Near You",1948,6939,2275,0.512
"The Yardbirds","For Your Love",1965,6934,5914,0.512
"Robbie Williams","Millennium",1998,6933,1228,0.542
"Faith Hill","This Kiss",1998,6929,469,0.526
"Vic Damone","On the Street Where You Live",1956,6923,2773,0.511
"Guns n' Roses","Welcome to the Jungle",1988,6912,4723,1.000
"Missy 'Misdemeanor' Elliott","Get UR Freak On",2001,6911,4423,0.514
"Lawrence Welk","Calcutta",1961,6904,5344,0.559
"MC Hammer","Pray",1990,6895,2264,0.750
"Stardust","Music Sounds Better With You",1998,6893,2288,0.534
"Guy Mitchell","My Heart Cries For You",1951,6889,4629,0.526
"Bryan Adams","The Only Thing That Looks Good On Me is You",1996,6886,519,2.016
"Green Day","Basket Case",1994,6884,3154,1.362
"Oran 'Juice' Jones","The Rain",1986,6884,3411,0.511
"Busta Rhymes & Mariah Carey","I Know What You Want",2003,6884,2454,0.511
"Fat Joe","What's Luv?",2002,6875,2711,0.518
"Billy Idol","Cradle of Love",1990,6874,5294,1.000
"Barry Manilow","I Write the Songs",1976,6866,7011,0.532
"Faith No More","Epic",1990,6865,3758,0.512
"Kid Cudi & Crookers","Day 'n' Nite",2009,6859,4033,0.515
"Britney Spears","Stronger",2000,6855,2056,0.525
"Michael Jackson","Smooth Criminal",1988,6852,2404,0.611
"Eddie Holman","(Hey There) Lonely Girl",1970,6848,7587,0.512
"Stevie Wonder","Yester-Me Yester-You Yesterday",1969,6845,3135,0.517
"House of Pain","Jump Around",1992,6841,5683,1.038
"Doris Day","A Guy is a Guy",1952,6838,5805,0.517
"Art Lund","Mam'selle",1947,6833,6319,0.536
"Shelley Fabares","Johnny Angel",1962,682,5805,0.511
"Genesis","Invisible Touch",1986,6816,4343,0.510
"Connie Francis","My Happiness",1959,6815,3357,0.512
"Michael Bolton","Love is a Wonderful Thing",1991,6813,2882,2.552
"Eminem","Sing For the Moment",2003,6813,2813,0.510
"Depeche Mode","Strangelove",1987,6812,2593,0.514
"Ray Noble","Linda",1947,6808,6317,0.516
"Elton John","I Don't Wanna Go On With You Like That",1988,6807,3118,1.030
"Sheryl Crow","Soak Up the Sun",2002,6805,2873,2.059
"Boyz II Men","4 Seasons of Loneliness",1997,6803,3986,1.516
"Michael Bolton","Said I Loved You But I Lied",1993,68,3532,1.582
"David Bowie","Golden Years",1976,6791,5539,0.510
"Bing Crosby & Grace Kelly","True Love",1956,679,3737,0.516
"Dionne Warwick","Walk On By",1964,6785,10226,0.536
"Billy Vaughn","Melody of Love",1955,6782,5124,0.559
"C&C Music Factory","Here We Go (Let's Rock & Roll)",1991,678,424,1.820
"Paris Hilton","Stars Are Blind",2006,6774,2337,0.750
"Kelly Clarkson","Breakaway",2006,6773,403,1.034
"Russ Morgan","Cruising Down the River",1949,6764,6127,0.518
"Shania Twain","I'm Gonna Getcha Good!",2002,6761,529,0.532
"Arthur Godfrey","Too Fat Polka (I Don't Want Her-You Can Have Her-She's Too Fat For Me)",1947,676,3833,0.512
"U2","Stay (Faraway, So Close!)",1993,676,2136,0.529
"Bon Jovi","Bad Medicine",1988,6755,3605,1.000
"Betty Hutton","Doctor, Lawyer, Indian Chief",1946,6751,6714,0.517
"Dawn","Candida",1970,6747,6145,0.600
"Beyonce","Naughty Girl",2004,6736,378,0.525
"Fastball","The Way",1998,6735,1815,1.583
"Alicia Keys","You Don't Know My Name",2003,6733,2604,2.018
"Depeche Mode","Precious",2005,6728,1464,0.523
"Def Leppard","Love Bites",1988,6722,3629,1.120
"Alphaville","Forever Young",1984,6714,1784,0.518
"Kylie Minogue","2 Hearts",2007,6708,2,0.833
"Destiny's Child","Bills, Bills, Bills",1999,6708,4325,0.516
"Salt-N-Pepa","Shoop",1993,6706,4209,1.039
"Jewel","Hands",1998,6702,2967,1.347
"Rare Earth","Get Ready",1970,6699,6537,0.526
"Chingy","Right Thurr",2003,6697,2795,0.511
"Janet Jackson","When I Think of You",1986,6696,4893,0.534
"The Andrews Sisters","Shoo-Shoo Baby",1944,6695,6462,0.515
"Nickelback","Photograph",2005,6692,3983,0.510
"The Doobie Brothers","Long Train Runnin'",1973,6691,4076,0.512
"Paul Whiteman","Three O'Clock in The Morning",1922,6687,5465,0.591
"Kool & The Gang","Ladies Night",1980,6682,5291,0.526
"The Chemical Brothers","Galvanize",2005,6682,1389,2.018
"Limp Bizkit","Take a Look Around",2000,6673,713,1.529
"U2","Walk On",2001,6665,2726,0.522
"Tom Jones & Mousse T","Sex Bomb",2000,6661,2,0.512
"Marilyn McCoo & Billy Davis Jr","You Don't Have to Be a Star (To Be in My Show)",1977,666,6513,0.522
"Clarence Carter","Patches",1970,6655,7392,0.511
"Christina Milian","Dip it Low",2004,6652,3644,0.667
"Chubby Checker","Pony Time",1961,6648,5698,0.528
"U2","Sometimes You Can't Make it On Your Own",2005,6647,1225,0.521
"Shakira","She Wolf",2009,6631,3569,0.537
"John Cougar Mellencamp & Me'Shell Ndegeocello","One Wild Night",1994,6629,3699,1.025
"Boyz II Men","Water Runs Dry",1995,6625,5035,0.513
"Al Jolson","Toot Toot Tootsie (Goodbye)",1922,6621,3898,0.556
"Jim Lowe","Green Door",1956,6615,4842,0.510
"Sophie B Hawkins","Damn, I Wish I Was Your Lover",1992,6614,3545,1.124
"Shai","If I Ever Fall in Love",1992,6608,4803,1.098
"Roxette","How Do You Do!",1992,6606,517,1.591
"Bon Jovi","Have a Nice Day",2005,6599,1795,1.321
"Cat Stevens","Morning Has Broken",1972,6596,411,0.538
"The Jackson 5","The Love You Save",1970,6592,8788,0.518
"Blood Sweat & Tears","You've Made Me So Very Happy",1969,6592,7651,0.548
"Tom Jones","It's Not Unusual",1965,6592,5691,0.528
"Christophe","Aline",1965,6589,2,0.583
"Roberta Flack & Donny Hathaway","The Closer I Get To You",1978,6587,4735,0.529
"Johnny Nash","Hold Me Tight",1968,6585,6567,0.518
"Aaliyah","Back & Forth",1994,6568,4639,1.261
"Peter, Paul & Mary","Leaving, on a Jet Plane",1969,6564,8162,0.510
"Cher","Strong Enough",1999,6563,1033,0.529
"Luther Vandross & Janet Jackson","The Best Things in Life Are Free",1992,6562,2189,1.216
"Gary Lewis & The Playboys","This Diamond Ring",1965,6556,10088,0.514
"Alicia Keys","If I Ain't Got You",2004,6551,4474,0.833
"Taylor Dayne","I Will Always Love You",1988,654,4458,1.051
"Brenton Wood","Gimme Little Sign",1967,6527,4316,0.515
"The Alan Parsons Project","Eye in the Sky",1982,6521,4379,0.567
"Kim Wilde","You Came",1988,652,725,0.542
"Fleetwood Mac","Little Lies",1987,6515,2511,0.512
"Wyclef Jean & Akon & Lil' Wayne","Sweetest Girl (dollar Bill)",2007,6514,4322,0.512
"Blue Barron & Orchestra","Cruising Down the River",1949,6511,5877,0.518
"Brian McKnight","Back At One",1999,6507,543,1.040
"Evelyn 'Champagne' King","Shame",1978,6505,5587,0.523
"Neil Sedaka","Laughter in the Rain",1975,65,6,1.035
"Barbra Streisand & Barry Gibb","Guilty",1980,6494,542,0.545
"Sophie Ellis-Bextor","Murder On the Dancefloor",2002,6483,201,0.583
"Alicia Bridges","I Love the Nightlife",1978,6476,4702,0.533
"Eminem","Like Toy Soldiers",2005,6473,1279,0.543
"Wilson Phillips","You Won't See Me Cry",1992,6471,1059,2.542
"Ethel Waters","Am I Blue?",1929,647,5307,0.553
"U2","Angel of Harlem",1989,6469,2373,0.700
"Color Me Badd","I Adore Mi Amor",1991,6467,462,2.037
"Gorillaz","Dare",2005,6465,328,0.516
"Michael Jackson","One Day in Your Life",1981,6465,518,0.611
"Leo Reisman","Continental (you Kiss While You're Dancing)",1934,646,4286,0.520
"Craig David","Fill Me In",2000,646,266,0.833
"Mariah Carey","Anytime You Need a Friend",1994,6459,3225,1.060
"The Pet Shop Boys","So Hard",1990,6454,1227,0.700
"KWS","Please Don't Go",1992,6447,2984,0.513
"Richard Marx","Now & Forever",1994,6445,2769,2.089
"Stephanie Mills","Never Knew Love Like This Before",1980,6443,4142,0.511
"Keane","Everybody's Changing",2004,644,1274,1.072
"JoJo","Too Little Too Late",2006,6438,3552,1.061
"Snoop Dogg","What's My Name?",1994,6438,3127,1.747
"Madonna","Deeper & Deeper",1993,6436,2944,1.531
"Green Day","Holiday",2005,6431,4532,0.526
"Blind Melon","No Rain",1993,643,343,0.527
"Jack Johnson","Upside Down",2006,643,2692,2.529
"Gogi Grant","Wayward Wind",1956,6429,65,0.511
"Divinyls","I Touch Myself",1991,6429,4449,0.567
"Curtis Mayfield","Superfly",1973,6422,7101,0.513
"The Cowsills","The Rain, The Park & Other Things",1967,642,7642,0.559
"Ruth Etting","Ten Cents a Dance",1930,6418,5301,0.512
"Madonna","Hanky Panky",1990,6418,206,1.068
"Craig David","7 Days",2000,6416,2173,0.526
"Hamilton, Joe Frank & Reynolds","Don't Pull Your Love",1971,6411,6108,0.524
"Avril Lavigne","When You're Gone",2007,6411,286,1.058
"Michael Jackson","Will You Be There?",1993,6408,3487,0.514
"The Game & 50 Cent","Hate it Or Love It",2005,6408,365,0.529
"Dion & The Belmonts","A Teenager in Love",1959,6406,5634,0.520
"Whitney Houston","Didn't We Almost Have it All",1987,6402,4287,0.611
"Brothers Four","Greenfields",1960,6397,2701,0.526
"The Fugees","Ready Or Not",1996,6392,106,0.516
"Jody Watley","Looking For a New Love",1987,6391,3823,0.524
"Genesis","Hold On My Heart",1992,639,313,1.271
"Crystal Waters","100% Pure Love",1994,639,4048,0.563
"Tom Jones & Art of Noise","Kiss",1988,6389,1633,0.667
"Celine Dion","If You Asked Me To",1992,6389,2955,1.649
"Paula Cole","Where Have All the Cowboys Gone?",1997,6388,3669,1.027
"Duran Duran","I Don't Want Your Love",1988,6378,2301,0.643
"Alanis Morissette","Head Over Feet",1996,6376,2414,1.033
"Roy Orbison","You Got It",1989,6374,1319,1.136
"Paul Whiteman","Smoke Gets in Your Eyes",1934,6373,4215,0.520
"Duke Ellington","Caravan",1937,6371,5263,0.518
"Notorious BIG","Hypnotize",1997,637,4154,0.529
"Johnny Mathis","It's Not For Me to Say",1957,6368,5983,0.536
"Elvis Presley","Bossa Nova Baby",1963,6367,3149,0.514
"Desireless","Voyage Voyage",1987,6363,2,0.510
"Aerosmith","Amazing",1994,6362,2633,0.517
"The Carpenters","Hurting Each Other",1972,6361,6138,0.515
"P Diddy & Mase","Can't Nobody Hold Me Down",1997,636,3824,1.547
"Len","Steal My Sunshine",1999,636,38,1.073
"Lenny Kravitz","It Ain't Over 'till It's Over",1991,6354,4351,1.766
"Jamiroquai","Canned Heat",1999,6351,1234,2.167
"Guy Mitchell","My Truly Truly Fair",1951,6349,4083,0.520
"Ricky Martin","She's All I Ever Had",1999,6343,3833,1.244
"50 Cent","21 Questions",2003,6339,3345,0.521
"The Rolling Stones","Mixed Emotions",1989,6331,1936,2.091
"Gloria Estefan & Miami Sound Machine","Anything For You",1988,6325,4532,0.556
"Kylie Minogue","Love At First Sight",2002,6322,2316,0.523
"Johnny Mercer & Jo Stafford","Candy",1945,6322,512,1.024
"Ace of Base","Beautiful Life",1996,6321,2115,1.298
"The Vengaboys","We Like to Party!",1999,632,1115,0.550
"REM","Imitation of Life",2001,6307,1213,1.204
"Keith Sweat","Twisted",1996,6303,3605,0.514
"No Doubt","Just a Girl",1996,6302,2842,0.521
"SWV","Weak",1993,6301,6316,0.571
"KT Tunstall","Black Horse & the Cherry Tree",2006,63,3633,0.512
"Whitney Houston & Enrique Iglesias","Could I Have This Kiss Forever",2000,6298,519,0.750
"The Mindbenders","A Groovy Kind of Love",1966,6293,6735,0.512
"Bon Jovi","I'll Be There For You",1989,628,4894,1.140
"Elton John","Circle of Life",1994,6279,2869,1.044
"Miami Sound Machine","Conga",1986,6273,2941,0.517
"Sammy Kaye","I'm a Big Girl Now",1946,627,6198,0.511
"Green Day","Time of Your Life (Good Riddance)",1998,6266,4174,1.029
"Paul Robeson","Ol' Man River",1928,6265,5162,0.512
"Debbie Gibson","Foolish Beat",1988,6265,388,0.517
"Nickelback","Far Away",2006,6264,4301,0.531
"The Darkness","I Believe in a Thing Called Love",2003,6262,3073,0.600
"Freddy Martin","Managua, Nicaragua",1947,6261,5758,0.521
"Beyonce","Listen",2007,6258,2316,2.015
"Mel Torme","Careless Hands",1949,6244,4262,0.519
"Genesis","Follow You Follow Me",1978,6233,2317,0.513
"Britney Spears","I'm a Slave 4 U",2001,6232,1583,1.375
"Queen","Heaven For Everyone",1995,6229,513,0.833
"Elvis Presley","Rock a Hula Baby",1962,6228,745,0.548
"James Brown","Living in America",1986,6227,3509,0.511
"John Denver","Sunshine On My Shoulders",1974,6226,6263,0.527
"Don Azpiazu & his Havana Casino Orchestra","The Peanut Vendor",1930,6225,5013,0.625
"Guns n' Roses","Patience",1989,622,4392,1.086
"Sting","Fields of Gold",1993,6217,2789,0.538
"Rod Stewart","Downtown Train",1990,6217,3142,1.139
"Phil Collins","Something Happened On the Way to Heaven",1990,6217,2898,0.545
"PM Dawn","Looking Through Patient Eyes",1993,6216,2922,2.014
"Joe Cocker","You Are So Beautiful",1975,6216,6285,0.529
"Young MC","Bust a Move",1989,6216,5199,0.530
"Peter Frampton","Baby, I Love Your Way",1976,6212,5447,0.524
"Annie Lennox","Why?",1992,621,2261,0.667
"Nirvana","Come As You Are",1992,6203,3959,0.514
"Eric Clapton","Layla (Unplugged)",1992,6203,1619,2.040
"La Bouche","Sweet Dreams (Ola ola e)",1994,6202,279,0.538
"The Cure","Friday, I'm in Love",1992,6198,3339,1.071
"Al Jolson","Sonny Boy",1928,6181,5064,0.534
"Bad English","When I See You Smile",1989,618,4396,1.225
"Frank Sinatra","My Way",1969,6179,6357,0.527
"Judy Garland & Gene Kelly","For Me & My Gal",1943,6173,4273,0.520
"Janet Jackson","Rhythm Nation",1989,6171,3862,1.750
"Martika","Love... Thy Will Be Done",1991,6169,1623,1.162
"Eminem","My Name Is",1999,6166,2913,0.512
"The Backstreet Boys","Drowning",2001,6163,1053,1.859
"Eddie Fisher","Anytime",1952,6155,3998,0.513
"Styx","The Best of Times",1981,6152,4176,0.516
"Ne-Yo","Sexy Love",2006,6151,4897,0.521
"REM","Drive",1992,6149,2261,0.600
"TLC","Diggin' On You",1995,6148,3032,0.625
"The Commodores","Brick House",1977,6147,5204,0.513
"Johnnie Ray","The Little White Cloud that Cried",1951,614,4642,0.530
"Akon","Right Now (Na, Na, Na)",2008,6136,3829,0.524
"America","Sister Golden Hair",1975,6134,5829,0.511
"REM","Man On the Moon",1993,6133,3681,0.518
"Jean Knight","Mr Big Stuff",1971,6127,8663,0.511
"Rudy Vallee & his Connecticut Yankees","Brother, Can You Spare a Dime?",1932,6119,5025,0.517
"Shakira","Objection (Tango)",2002,6116,1621,0.548
"Sade","No Ordinary Love",1992,6115,2095,2.029
"Marcy Playground","Sex & Candy",1998,6114,3494,0.511
"Freddy Martin","Piano Concerto in B Flat",1941,6113,57,0.511
"Bee Gees","Alone",1997,6111,536,1.041
"Louis Armstrong","All of Me",1932,6107,4978,0.553
"Gorillaz","19-2000",2001,6106,722,1.655
"The Commodores","Lady (You Bring Me Up)",1981,6103,443,0.520
"Kelly Rowland","Stole",2003,61,1581,0.527
"Gwen Stefani","Cool",2005,6099,2384,0.513
"Herb Alpert","Rise",1979,6096,6564,0.526
"The Commodores","Still",1979,6089,5103,0.515
"Hootie & The Blowfish","Old Man & Me (When I Get To Heaven)",1996,6083,266,1.261
"Destiny's Child","Jumpin' Jumpin'",2000,6081,3855,0.511
"Eve & Alicia Keys","Gangsta Lovin'",2002,6076,2626,0.556
"Robyn","Show Me Love",1997,6073,3768,1.043
"Phil Collins","Both Sides of the Story",1993,6072,1054,2.018
"Billy Idol","Eyes Without a Face",1984,6064,359,0.516
"Sheryl Crow","My Favourite Mistake",1998,6062,2333,2.016
"Badfinger","No Matter What",1970,6059,3675,0.533
"Isham Jones","Swingin' Down the Lane",1923,6058,4895,0.591
"Ray Anthony","Dragnet",1953,6057,4894,0.519
"Jim Diamond","I Should Have Known Better",1985,6051,2,0.517
"George Michael","Kissing a Fool",1988,6048,1924,1.327
"Nelson","(Can't Live Without Your) Love & Affection",1990,6045,5366,0.600
"Alice Cooper","Poison",1989,6033,3166,0.532
"Avril Lavigne","Nobody's Home",2004,6032,3126,1.026
"Coolio","Fantastic Voyage",1994,603,4394,1.054
"Simon & Garfunkel","I am a Rock",1966,6029,6174,0.512
"Arthur Gibbs & his Gang","Charleston",1924,6029,4461,1.000
"Meat Loaf","I'd Lie For You (And That's the Truth)",1995,6029,1841,0.510
"Joey Scarbury","Theme From 'Greatest American Hero' (Believe It Or Not)",1981,6027,629,0.516
"The Kaiser Chiefs","Ruby",2007,6027,529,0.536
"The Temptations","I Can't Get Next to You",1969,6021,10412,0.511
"Fountains of Wayne","Stacy's Mom",2003,6021,5342,0.514
"Randy Vanwarmer","Just When I Needed You Most",1979,6018,4289,0.550
"Brownstone","If You Love Me",1995,6018,2953,0.556
"New Kids On The Block","I'll Be Loving You (Forever)",1989,6016,4967,1.345
"Janet Jackson","Someone to Call My Lover",2001,6015,2451,2.010
"U2","Elevation",2001,6012,2,0.518
"Miley Cyrus","The Climb",2009,601,3982,0.515
"Jimmy Dorsey","The Breeze & I",1940,601,5329,0.517
"Happenings","See You in September",1966,6006,7659,0.591
"Monica","The First Night",1998,5992,3993,0.625
"D:Ream","He Loves U Not",2001,5991,3456,1.026
"Franz Ferdinand","Do You Want To?",2005,599,283,2.053
"Lily Allen","Smile",2006,5989,2591,0.667
"Soul II Soul","Get a Life",1990,5986,519,1.716
"Patti Austin & James Ingram","Baby, Come to Me",1983,5982,4558,0.523
"The Cure","Love Song",1989,5979,5303,0.559
"Monica","Angel of Mine",1999,5979,5315,0.530
"DJ Jazzy Jeff & The Fresh Prince","Summertime",1991,5975,4412,1.140
"Usher","Confessions Part II",2004,5972,4395,0.518
"Melanie","Lay Down (Candles in The Rain)",1970,5971,375,0.522
"INXS","New Sensation",1988,597,2707,0.519
"Christina Aguilera","Candyman",2007,5967,1853,0.536
"TLC","Baby, Baby, Baby",1992,5965,535,0.667
"Marmalade","Reflections of My Life",1970,5963,4097,0.583
"Bread","Make it With You",1970,5958,9265,0.528
"Barbra Streisand","People",1964,5954,7941,0.514
"Cathy Dennis","Touch Me (All Night Long)",1991,5945,3717,1.666
"Whitney Houston","Step By Step",1997,5944,1317,0.527
"The Killers","Somebody Told Me",2004,5943,3197,0.511
"Travis","Sing",2001,5938,1221,1.273
"Natalie Cole","Pink Cadillac",1988,5935,2773,0.518
"REM","What's the Frequency, Kenneth?",1994,5935,228,0.567
"Bill Conti","Gonna Fly Now (Theme From 'Rocky')",1977,5934,6829,0.531
"Pat Boone","Don't Forbid Me",1957,5929,3513,0.526
"Jose Feliciano","Light My Fire",1968,5924,5058,0.667
"The Doobie Brothers","Listen to the Music",1972,5922,3499,1.028
"Ashanti","Rock Wit U (Awww Baby)",2003,5921,2587,1.513
"Jennifer Lopez","Play",2001,5919,2134,0.521
"Sam Brown","Stop",1988,5917,716,0.512
"N Sync","Pop",2001,5917,1754,1.088
"Guess Who","These Eyes",1969,5903,6914,0.513
"Bon Jovi","Keep the Faith",1992,5899,1044,1.205
"Richard Marx","Angelia",1989,5895,1272,2.019
"Milli Vanilli","All Or Nothing",1990,5891,1778,0.750
"Michael Damian","Rock On",1989,589,4378,1.500
"Seduction","Two To Make It Right",1990,5879,4392,1.500
"Henry Mancini","Days Of Wine & Roses",1963,5877,6277,0.516
"Duke Ellington","Cocktails For Two",1934,5873,4773,0.545
"Paul McCartney","Hope of Deliverance",1993,5872,712,1.157
"INXS","Devil Inside",1988,5871,4351,0.515
"Sarah McLachlan","Adia",1998,5865,3877,0.700
"Michael Bolton","When a Man Loves a Woman",1991,5862,421,1.139
"Daniel Bedingfield","Gotta Get Thru This",2002,5861,2951,0.514
"Paula Abdul","Cold Hearted",1989,5861,5128,1.129
"Poison","Unskinny Bop",1990,5859,4204,1.050
"Destiny's Child","Emotion",2001,5858,216,1.043
"Warren G","I Shot the Sheriff",1997,5856,1812,0.543
"Jigsaw","Sky High",1975,5853,2772,0.577
"Blood Sweat & Tears","And When I Die",1969,5842,5818,0.511
"Metallica","One",1989,583,3264,0.511
"Aretha Franklin","I Say a Little Prayer",1968,5829,5406,0.524
"Janet Jackson & Q-Tip & Joni Mitchell","Got 'Til It's Gone",1997,5829,701,2.014
"Madonna","Rain",1993,5828,2336,1.069
"Gino Vannelli","I Just Wanna Stop",1978,5823,3451,1.054
"Whitney Houston & Faith Evans & Kelly Price","Heartbreak Hotel",1999,5818,3816,0.514
"Tom Jones","Without Love (There Is Nothing)",1970,5813,4344,0.516
"2Pac","Dear Mama",1995,5811,4277,0.512
"Whitney Houston","I Believe in You & Me",1997,5806,2724,2.028
"Bell Biv Devoe","Poison",1990,5806,4379,1.179
"Lutricia McNeal","Ain't That Just The Way (That Love Goes Down)",1997,5804,516,1.377
"Zhane","Hey Mr DJ",1993,5799,404,1.218
"Roy Orbison","Dream Baby (How Long Must I Dream)",1962,5797,3591,0.513
"Billy Preston & Syreeta","With You I'm Born Again",1980,5795,4099,0.530
"Brandy","What About Us",2002,5795,1672,1.500
"Poison","Every Rose Has It's Thorn",1989,5792,4786,1.111
"Counting Crows","Accidentally in Love",2004,579,4272,0.513
"Larry Clinton","Deep Purple",1939,579,3725,0.540
"Destiny's Child & T.I. & Lil' Wayne","Soldier",2005,5788,3332,0.523
"Todd Rundgren","Hello It's Me",1973,5788,5804,0.521
"Kanye West","Heartless",2009,5788,437,0.514
"Ray Noble","The Very Thought of You",1934,5785,4712,0.527
"Heart","These Dreams",1986,5777,3924,0.516
"Bing Crosby","Love in Bloom",1934,5774,3706,0.522
"Guns n' Roses","Live & Let Die",1991,5774,1248,1.092
"Madonna","Give It 2 Me",2008,577,518,0.553
"Peabo Bryson & Roberta Flack","Tonight I Celebrate My Love",1983,5764,2632,0.517
"Genesis","I Can't Dance",1992,5763,2411,0.625
"Monica","Don't Take It Personal (Just One Of Dem Days)",1995,576,3631,1.062
"Hurricane Smith","Oh Babe What Would You Say?",1973,5759,3776,0.518
"Brenda Lee","All Alone am I",1962,5756,369,0.514
"Phil Collins","Do You Remember?",1990,5756,2318,1.163
"Jamiroquai","Deeper Underground",1998,5754,763,2.167
"Jewel","Intuition",2003,5753,2647,0.524
"Billy Jones","Yes! We Have No Bananas",1923,5749,4651,0.556
"Patrick Swayze","She's Like the Wind",1988,5747,1884,0.643
"Louis Jordan","GI Jive",1944,5742,5459,0.514
"Gazebo","I Like Chopin",1983,574,2,0.519
"Toni Braxton","Another Sad Love Song",1993,574,3512,1.143
"Nino Tempo & April Stevens","Deep Purple",1963,5739,4437,0.516
"Glass Tiger","Don't Forget Me (When I'm Gone)",1986,5737,3099,0.520
"Hootie & The Blowfish","Only Wanna Be With You",1995,5736,298,1.544
"The Turtles","Elenore",1968,5732,5319,0.514
"Georgia Gibbs","Kiss Of Fire",1952,573,5916,0.517
"The Jackson 5","Never Can Say Goodbye",1971,5728,7355,0.591
"Ja Rule & Ashanti","Always On Time",2002,572,261,0.518
"En Vogue","Free Your Mind",1992,5718,4338,0.559
"Daddy Yankee","Gasolina",2005,5716,1084,1.042
"Mariah Carey","Can't Let Go",1992,5715,3731,1.533
"Les Baxter & his Orchestra","Poor People of Paris",1956,5711,445,0.538
"The Stylistics","Betcha By Golly Wow",1972,5704,764,0.571
"Janet Jackson","Come Back to Me",1990,5703,2606,2.530
"Big Bopper","Chantilly Lace",1958,5699,459,0.512
"Ferrante & Teicher","Theme From 'Exodus'",1961,5698,3763,0.553
"Chris Rea","Fool (If You Think It's Over)",1978,5692,3922,0.518
"The Pretenders","I'll Stand By You",1994,5691,2835,1.075
"Shocking Blue","Never Marry a Railroad Man",1970,5691,2,0.553
"Chic","I Want Your Love",1979,5689,4349,0.517
"Enrique Iglesias","Rhythm Divine",1999,5685,2086,0.643
"Arrested Development","Mr Wendal",1993,5685,4257,1.063
"Jack Smith","Me & My Shadow",1927,5685,4607,0.542
"Sade","The Sweetest Taboo",1985,5682,358,0.523
"Offspring","Why Don't You Get a Job?",1999,5682,1059,0.525
"Ja Rule","Wonderful",2004,5677,1961,0.514
"Belinda Carlisle","I Get Weak",1988,5671,3287,0.538
"Gloria Estefan","Turn The Beat Around",1994,5666,3711,1.085
"Dan Hartman","I Can Dream About You",1984,5666,2754,0.519
"Coldplay","Talk",2005,5663,1225,0.530
"Nick Lachey","What's Left Of Me",2006,5662,3552,0.514
"Erasure","A Little Respect",1988,566,2835,1.068
"Elvis Presley","Rubberneckin'",2003,5656,1411,0.548
"Roger Whittaker","The Last Farewell",1975,5648,1622,0.010
"Aerosmith","Falling in Love (Is Hard on the Knees)",1997,5646,1479,2.333
"Marion Harris","I Ain't Got Nobody",1921,5645,4557,0.556
"The Fugees","Fu-Gee-La",1996,5642,2517,0.527
"Nelson Riddle","Lisbon Antigua (In Old Lisbon)",1956,5642,5319,0.591
"The Heights","How Do You Talk To An Angel",1992,5634,494,0.516
"Naughty By Nature","OPP",1991,5633,5247,0.611
"Duke Ellington","Sophisticated Lady",1933,5631,4587,0.513
"Climax","Precious & Few",1972,5629,7054,0.526
"Usher","Nice & Slow",1998,5625,4125,0.512
"Dru Hill","How Deep is Your Love?",1998,5622,2097,0.518
"Association","Never My Love",1967,562,7055,0.522
"Paula Abdul","The Promise Of A New Day",1991,5615,367,1.158
"Harry James","I'm Beginning to See The Light",1945,5614,4975,0.515
"Savage Garden","The Animal Song",1999,5607,1584,1.270
"The Cranberries","Linger",1994,5607,3653,1.260
"Offspring","Original Prankster",2000,5605,1231,1.545
"INXS","Disappear",1991,5602,2361,0.643
"The Chi-Lites","Oh Girl",1972,5598,6957,0.530
"Miami Sound Machine","Bad Boy",1986,5598,2915,0.553
"Soul For Real","Candy Rain",1995,5594,3415,1.044
"REM","Bang & Blame",1994,559,1272,0.534
"Dido","Here With Me",2001,559,74,0.511
"NAS","If I Ruled the World",1996,5581,122,0.534
"Marion Harris","After You've Gone",1919,5576,45,0.550
"Nora Bayes","Over There",1917,5571,45,0.545
"Black Box","Everybody Everybody",1990,5565,2236,1.669
"Dr Hook","Sharing The Night Together",1978,5562,424,0.543
"Herman's Hermits","There's a Kind of Hush",1967,556,5375,0.559
"Mariah Carey","Loverboy",2001,5556,2263,2.014
"Coldplay","In My Place",2002,5551,1219,1.274
"Brook Benton","Rainy Night in Georgia",1970,5551,7824,0.520
"The Foo Fighters","Best of You",2005,5548,3805,0.700
"Ted Lewis & his Orchestra","Just a Gigolo",1931,5548,45,0.524
"Monica","For You I Will",1997,5546,4374,1.056
"Brian Hyland","Gypsy Woman",1970,5546,4163,0.517
"Coolio","1,2,3,4 (Sumpin' New)",1996,5544,2492,1.086
"Julie Rogers","The Wedding",1964,5543,2751,0.010
"Smash Mouth","Walkin' On the Sun",1998,5543,2893,1.238
"Prince","Letitgo",1994,5539,1045,2.015
"Shakira","Don't Bother",2005,5538,1787,0.517
"Fergie","Clumsy",2008,5537,3883,0.643
"20 Fingers","Short Dick Man",1995,5536,1085,0.517
"Jamiroquai","Cosmic Girl",1996,5535,1,2.053
"Orchestral Manoeuvres In The Dark","If You Leave",1986,5531,3595,0.514
"Aaliyah","Are You That Somebody?",1998,553,2838,0.512
"Madonna","The Power of Good-Bye",1998,553,1307,0.518
"Taylor Dayne","Can't Get Enough of Your Love",1993,5529,2299,1.105
"Tommy Dorsey","Marie",1937,5525,3528,0.514
"Paul Whiteman","Body & Soul",1930,5524,4487,0.517
"Fifth Dimension","One Less Bell To Answer",1970,5522,7188,0.513
"Ace of Base","Lucky Love",1995,5521,1048,0.700
"Michael Buble","Everything",2007,5519,2172,0.571
"Tone Loc","Funky Cold Medina",1989,5518,4799,0.577
"Wilson Phillips","Impulsive",1990,5518,2349,0.667
"Jody Watley","Real Love",1989,5518,3378,1.500
"Will Glahe & his Orchestra","Beer Barrel Polka (Roll out the Barrel)",1939,5517,3458,0.550
"Youngbloods","Get Together",1969,5517,6844,0.525
"Neil Sedaka","Happy Birthday Sweet Sixteen",1962,5516,298,0.512
"Destiny's Child","No No No",1998,5514,2872,0.611
"Gin Blossoms","Follow You Down",1996,5509,2454,1.618
"Whitney Houston","Where Do Broken Hearts Go",1988,5507,369,0.583
"Ella Fitzgerald","Goodnight, My Love",1937,5505,3511,0.515
"Black","Wonderful Life",1987,5504,2,0.550
"Inner Circle","Bad Boys",1993,5503,2941,0.545
"Ray Parker Jr & Raydio","A Woman Needs Love (Just Like You Do)",1981,5501,4182,0.514
"KT Tunstall","Suddenly I See",2006,5499,126,1.548
"Toni Braxton","I Don't Want To",1997,5498,2343,1.178
"Michael Jackson","In the Closet",1992,5489,2453,0.528
"Sean Paul","(When You Gonna) give It Up To Me",2006,5481,42,0.511
"Ne-Yo","Miss Independent",2008,5481,3625,0.519
"Frank Sinatra","Oh! What it Seemed to Be",1946,5474,5332,0.513
"Janet Jackson","Let's Wait Awhile",1987,5473,31,0.519
"Jimmy Dorsey","Blue Champagne",1941,5468,5014,0.533
"Candi Staton","Young Hearts Run Free",1976,5468,4445,0.512
"Ella Fitzgerald","My Happiness",1948,5465,2054,0.511
"R Kelly","Bump N' Grind",1994,5463,5111,0.559
"En Vogue","Hold On",1990,5462,419,1.100
"Mocedades","Eres Tu (Touch The Wind)",1974,5461,3478,0.543
"The Cars","You Might Think",1984,5459,389,0.510
"New Kids On The Block","Tonight",1990,5459,1155,1.286
"Seether & Amy Lee","Broken",2004,5454,2557,0.511
"Paul Anka","My Home Town",1960,5454,2366,0.542
"Five","When the Lights Go Out",1998,5452,2921,0.520
"Johnny Rivers","Poor Side Of Town",1966,5446,7414,0.542
"Henry Mancini","Theme from 'Romeo & Juliet'",1969,5445,8327,0.522
"Gloria Estefan & Miami Sound Machine","1/2/2003",1988,5445,2931,1.041
"Bobby Darin","Multiplication",1962,5443,734,0.625
"Alicia Keys","A Woman's Worth",2002,5443,2712,0.548
"Soul II Soul & Caron Wheeler","Keep On Moving",1989,5442,3755,1.192
"Lisa Stansfield","Change",1991,544,1045,2.523
"Stevie Wonder","Boogie On Reggae Woman",1975,5439,6667,0.517
"Pink & William Orbit","Feel Good Time",2003,5437,1759,0.667
"Usher","Caught Up",2005,5437,3325,0.540
"All-4-One","I Can Love You Like That",1995,5436,3759,0.667
"Elton John","You Gotta Love Someone",1990,5433,523,1.046
"Chicago","You're the Inspiration",1985,5429,3486,0.512
"All-4-One","So Much in Love",1994,5425,3591,1.189
"Christina Aguilera","Car Wash",2004,5424,516,1.084
"Bobby Brown","Good Enough",1992,5423,4049,0.833
"Gladys Knight & The Pips","Neither One of Us (Wants to be The First to Say Goodbye)",1973,5422,5696,0.556
"The Foo Fighters","Pretender",2007,5419,2909,0.571
"1910 Fruitgum Co","1, 2, 3, Red Light",1968,5418,6593,0.512
"Love & Rockets","So Alive",1989,541,4276,0.559
"Double","The Captain of Her Heart",1986,5409,1271,0.667
"Bon Jovi","Born to Be My Baby",1989,5409,2961,1.500
"MC Hammer","2 Legit 2 Quit",1991,5404,4144,1.128
"The Sugababes","Overload",2001,5402,1212,1.039
"Wilson Phillips","You're in Love",1991,54,3643,1.515
"Pink","There U Go",2000,5399,3077,0.519
"Eydie Gorme","Blame it On the Bossa Nova",1963,5399,2752,0.567
"Wreckx-N-Effect","Rump Shaker",1992,5397,4936,1.142
"Air Supply","The One that You Love",1981,5397,644,0.556
"Jimmy Cliff","I Can See Clearly Now",1994,5392,1584,1.114
"Spice Girls","Stop",1998,5389,1084,1.138
"Bread","Baby I'm a Want You",1971,5389,5238,0.514
"Frankie Valli","Can't Take My Eyes Off You",1967,538,8867,0.528
"Madonna","What it Feels Like For a Girl",2001,5379,1259,1.043
"Tina Turner","Private Dancer",1984,5375,2905,0.525
"Van Halen","Can't Stop Loving You",1995,5371,1773,2.167
"Tommy James & the Shondells","Crystal Blue Persuasion",1969,5369,8227,0.510
"Janet Jackson","Alright",1990,5366,311,2.038
"Duran Duran","Come Undone",1993,5362,2986,0.515
"Europe","Carrie",1987,5361,24,0.556
"Red Hot Chili Peppers","Tell Me Baby",2006,5359,2001,1.030
"American Quartet","Over There",1917,5356,4226,0.625
"Terror Squad","Lean Back",2004,5355,3901,0.517
"Bee Gees","Run to Me",1972,5354,2392,0.531
"The B52s","Roam",1990,5354,4414,1.738
"Level 42","Something About You",1986,5353,292,0.522
"Rick Astley","Cry For Help",1991,5345,1672,2.045
"Paul Whiteman","Parade of the Wooden Soldiers",1923,534,4211,0.625
"50 Cent","Just a Lil Bit",2005,5337,3325,0.512
"Kenny Rogers & Sheena Easton","We've Got Tonight",1983,5335,3321,0.515
"Bjork","Army of Me",1995,5334,1225,1.344
"t.A.T.u.","Not Gonna Get Us",2003,5332,529,1.000
"The Imperials","Tears On My Pillow",1958,5331,4781,0.511
"Aerosmith","Love in an Elevator",1989,5327,374,1.144
"Sugar Ray & Supercat","Fly",1997,5327,2267,1.572
"Sugarloaf","Green-eyed Lady",1970,5327,6254,0.521
"The Jackson 5","Dancing Machine",1974,5323,6246,0.515
"Julian Lennon","Too Late For Goodbyes",1985,5321,2243,0.513
"Dorothy Moore","Misty Blue",1976,5321,4255,0.553
"Evanescence","Going Under",2003,532,721,0.514
"Don Henley","The End Of The Innocence",1989,5316,4674,1.155
"Eddie Cantor","If You Knew Susie (Like I Know Susie)",1925,5314,4229,0.583
"Hanson","Where's the Love",1997,5311,1043,1.182
"Bread","Everything I Own",1972,5311,474,0.520
"Breathe","Hands to Heaven",1988,5306,3258,0.520
"Blur","Tender",1999,5305,1212,1.000
"Prince","7",1992,5303,3706,0.667
"The Killers","When You Were Young",2006,5302,2273,0.542
"Smash Mouth","I'm a Believer",2001,5298,3079,1.073
"Chicago","Saturday in the Park",1972,5292,6272,1.037
"Metallica & Marianne Faithfull","The Memory Remains",1997,5292,1265,0.527
"Eddy Duchin","Lovely to Look At",1935,5286,4267,0.520
"Nora Bayes","Make Believe",1921,528,4139,0.643
"Right Said Fred","Don't Talk Just Kiss",1992,528,513,1.808
"Vikki Carr","It Must Be Him (Seul Sur Son Etoile)",1967,5275,4487,0.511
"Arrested Development","Tennessee",1992,5274,4525,0.511
"Klymaxx","I Miss You",1986,5274,2648,0.529
"Simply Red","Something Got Me Started",1991,5273,543,1.780
"Hootie & The Blowfish","Let Her Cry",1995,5273,3321,0.514
"Vanessa Williams","The Sweetest Days",1995,5273,2107,2.059
"Oasis","Lyla",2005,5273,716,1.591
"Benny Goodman","Goody Goody",1936,5272,4247,0.531
"Jane Child","Don't Wanna Fall in Love",1990,5267,3897,2.077
"MC Lyte","Cold Rock a Party",1997,5262,1857,0.528
"Blur","Beetlebum",1997,5261,1233,1.500
"Frank Sinatra","All or Nothing at All",1943,5258,3648,0.534
"Jesus Jones","Right Here, Right Now",1991,5256,4198,1.103
"Michael McDonald","Sweet Freedom",1986,5255,3597,0.522
"Lesley Gore","You Don't Own Me",1964,5253,7475,0.521
"C&C Music Factory","Things That Make You Go Hmmm...",1991,5253,4123,0.513
"Ken Griffin","You Can't Be True, Dear",1948,5252,4367,0.520
"Debbie Reynolds & Carleton Carpenter","The Aba Daba Honeymoon",1951,5248,2962,0.516
"Boney M","Brown Girl in the Ring",1978,5246,2,0.010
"Matchbox Twenty","Unwell",2003,5243,4566,0.530
"Maroon 5","Sunday Morning",2005,5241,2318,1.554
"Steve Lawrence","Go Away Little Girl",1963,5241,4383,0.528
"Aretha Franklin","Until You Come Back to Me (That's What I'm Gonna Do)",1974,5241,6263,0.524
"Roxette","Sleeping in My Car",1994,5237,52,1.145
"The Chemical Brothers","Hey Boy Hey Girl",1999,5236,1249,1.047
"Johnny Gill","Rub You the Right Way",1990,5235,3767,1.145
"98 Degrees","Give Me Just One Night",2000,5233,3846,0.514
"T-Pain","Mr Bartender",2007,5227,4209,0.518
"2Pac","How Do U Want It",1996,5223,3359,0.514
"Creed","My Sacrifice",2002,5223,2578,1.026
"Donna Summer","This Time I Know It's For Real",1989,522,2615,0.583
"Ray Parker Jr","The Other Woman",1982,5215,2893,0.515
"RB Greaves","Take a Letter Maria",1969,5214,4967,0.512
"Debelah Morgan","Dance With Me",2000,5213,2942,0.526
"The Rolling Stones","As Tears Go By",1966,5212,3073,0.519
"Junior Senior","Move Your Feet",2003,5212,1833,1.132
"Bobby Brown","Every Little Step",1989,5207,3721,1.700
"Sean Paul","Like Glue",2003,5207,1629,0.518
"Prince","Get Off",1991,5204,2523,0.625
"Fatboy Slim","Praise You",1999,5203,1807,0.700
"Shep Fields & his Rippling Rhythm Orchestra","South of the Border (Down Mexico Way)",1939,5199,3263,0.512
"Surface","The First Time",1991,5197,4579,1.736
"Shep Fields & his Rippling Rhythm Orchestra","That Old Feeling",1937,5193,4197,0.515
"Dire Straits","So Far Away",1985,5193,178,0.516
"Sue Thompson","Norman",1962,5188,2933,0.513
"4pm","Sukiyaki",1995,5181,349,1.353
"Queen","Innuendo",1991,5179,715,0.563
"Roger Williams","Autumn Leaves (Les Feuilles Mortes)",1955,5177,5593,0.550
"The B52s","(Meet) the Flintstones",1994,5176,53,1.102
"Bob Azzam","Mustapha",1960,5172,2,0.510
"Taylor Swift","Teardrops On My Guitar",2008,5169,5192,0.512
"Tony! Toni! Tone!","If I Had No Loot",1993,5167,3559,1.056
"Peaches & Herb","Shake Your Groove Thing",1979,5165,4728,0.516
"Los Lonely Boys","Heaven",2004,5163,5328,1.037
"Stevie Wonder","That Girl",1982,5155,4284,0.512
"Rickie Lee Jones","Chuck E's in Love",1979,5154,3494,0.530
"Elton John","I Guess That's Why They Call it the Blues",1983,5151,3057,0.528
"Jamiroquai","Little L",2001,5147,513,1.667
"Karyn White","Romantic",1991,5145,406,2.091
"Queen","Bohemian Rhapsody (1991)",1992,5144,2761,1.045
"Jennifer Lopez","Do It Well",2007,5143,1056,2.014
"Pink","TROUBLE",2003,5137,1569,0.532
"The Prodigy","Smack My Bitch Up",1997,5134,2213,0.553
"Miriam Makeba","Pata Pata",1967,5132,3506,1.124
"Dionne Warwick","I'll Never Love This Way Again",1979,5128,4319,0.513
"Stevie Wonder","For Once in My Life",1968,5126,741,0.523
"Belinda Carlisle","Leave a Light On",1989,5125,13,1.124
"Beyonce","Me, Myself & I",2004,5122,3074,0.530
"Mariah Carey","Through the Rain",2002,5117,1026,1.000
"Al Jolson","Rock-A-Bye Your Baby (With a Dixie Melody)",1918,511,3,0.625
"Moby","Lift Me Up",2005,5104,54,1.069
"Al Green","I'm Still in Love With You",1972,5103,6956,0.516
"Francis Lai","Theme From 'Love Story'",1971,5102,1271,0.526
"Adina Howard","Freak Like Me",1995,5095,3572,0.534
"Atlantic Starr","Secret Lovers",1986,5093,3022,0.518
"Twista","Slow Jamz",2004,5087,3619,0.543
"Joe Thomas","I Wanna Know",2000,5082,365,0.550
"Ted Lewis & his Orchestra","When My Baby Smiles At Me",1920,5082,4026,0.577
"Jessica Simpson","Irresistible",2001,5078,235,0.538
"Jonas Brothers","Burning Up",2008,5078,3728,0.511
"Radiohead","There There",2003,5077,751,1.349
"Oasis","Stand By Me",1997,5072,201,1.534
"Ohio Express","Chewy Chewy",1968,5066,3777,0.510
"Michael Jackson","Got to Be There",1971,5063,512,0.529
"Jade","Don't Walk Away",1993,5063,394,0.553
"Alicia Keys","Karma",2005,5062,4209,0.513
"Phil Collins","Can't Stop Loving You",2002,5061,1027,0.571
"Brothers Johnson","I'll Be Good to You",1976,5058,4804,0.512
"Ray Conniff","Somewhere My Love",1966,5058,3433,0.516
"Lionel Richie","Stuck On You",1984,5055,2963,0.514
"Norah Jones","Sunrise",2004,5045,17,2.018
"P Diddy","Been Around the World",1997,5041,2736,0.534
"Richard Marx","Satisfied",1989,5041,3143,2.023
"Christina Aguilera","I Turn to You",2000,5041,3186,0.542
"George Olsen","Always",1926,504,4019,0.545
"Anita Baker","Giving You The Best That I Got",1988,5036,3508,1.377
"Kylie Minogue","I Believe in You",2004,5035,2,0.625
"Todd Rundgren","I Saw the Light",1972,5032,4438,0.511
"Van & Schenck","Ain't We Got Fun?",1921,5031,4013,0.543
"Duke Ellington","Three Little Words",1930,503,3035,0.591
"Benny Goodman","Glory of Love",1936,5029,4044,0.515
"Eumir Deodato","Also Sprach Zarathustra (2001)",1973,5028,3871,0.529
"Hilary Duff","Wake Up",2005,5007,1796,1.082
"Al Jolson","My Mammy",1928,5007,4006,0.529
"The Smashing Pumpkins","Tonight, Tonight",1996,4995,3262,0.510
"Mariah Carey","Thank God I Found You",2000,4992,3293,0.553
"Prince","Sexy MF",1992,4991,249,0.511
"Truth Hurts","Addictive",2002,499,1136,0.523
"Sheena Easton","The Lover in Me",1989,4978,3124,1.500
"Vanilla Ice","Play That Funky Music",1991,4975,2727,1.111
"Whitesnake","Is This Love?",1987,497,2859,0.517
"Marilyn Manson","Tainted Love",2002,4968,811,0.518
"Tom Petty & The Heartbreakers","Free Fallin'",1989,4966,5427,0.531
"Mark Ronson & Amy Winehouse","Valerie",2007,4963,2,0.512
"Elvis Presley","King Creole",1958,4963,713,0.529
"Bread","Lost Without Your Love",1977,4961,3275,0.519
"Alanis Morissette","Hand in My Pocket",1995,4959,2298,0.533
"Britney Spears","Overprotected",2002,4955,1022,0.517
"Boy Meets Girl","Waiting For a Star to Fall",1988,4953,2429,1.500
"Fatboy Slim","The Rockafeller Skank",1998,4952,2258,1.114
"The Fugees","No Woman, No Cry",1996,4947,1026,0.559
"Seal","Fly Like an Eagle",1997,4946,271,1.074
"INXS","Never Tear Us Apart",1988,4944,2391,1.026
"SWV","Right Here (Human Nature)",1993,4942,3376,0.511
"Alanis Morissette","Everything",2004,4941,213,0.559
"Bryan Adams","Let's Make a Night to Remember",1996,4934,1055,0.513
"Bobby Bloom","Montego Bay",1970,4932,3648,0.513
"The Everly Brothers","Crying in the Rain",1962,4926,2935,0.514
"George Michael","Amazing",2004,4923,52,0.571
"Rozalla","Everybody's Free (To Feel Good)",1991,4922,1055,0.515
"Tommy Page","I'll Be Your Everything",1990,4921,3822,1.784
"Ultra Nate","Free",1997,4921,513,0.700
"Brandy","Sittin' Up In My Room",1996,4917,3551,1.109
"Culture Club","Miss Me Blind",1984,4916,3532,0.511
"Rod Stewart","The Motown Song",1991,4916,2142,0.556
"Vaughn Monroe","My Devotion",1942,4915,4392,0.514
"Air Supply","Making Love (Out of Nothing At All)",1983,4912,442,0.510
"PM Dawn","I'd Die Without You",1992,491,4062,0.556
"Gavin Degraw","I Don't Want to Be",2005,4907,3184,0.512
"Texas","Say What You Want",1997,4905,705,0.522
"The Beatles","Real Love",1996,4898,1542,1.000
"Glenn Miller","Tuxedo Junction",1940,4895,4237,0.516
"Tina Turner","Goldeneye",1995,4893,2,0.533
"Elton John","Blue Eyes",1982,4891,2129,0.556
"Eric Clapton","My Father's Eyes",1998,4889,517,2.067
"Red Hot Chili Peppers","Otherside",2000,4888,2366,0.534
"Billie Myers","Kiss the Rain",1998,4888,2693,0.548
"Counting Crows","Big Yellow Taxi",2003,4887,1833,0.542
"Bread","If",1971,4884,5281,1.065
"Joni Mitchell","Big Yellow Taxi",1970,4877,3853,0.511
"Shawn Mullins","Lullaby",1999,4876,2348,0.516
"Eros Ramazzotti","Piu Bella Cosa",1996,4875,15,0.536
"Daft Punk","Around the World",1997,4872,1218,0.510
"Aaliyah","Miss You",2003,4867,3216,0.529
"Sophie B Hawkins","As I Lay Me Down",1995,4866,3359,0.512
"Corinne Bailey Rae","Put Your Records On",2006,486,2132,0.750
"Coldplay","Violet Hill",2008,4859,725,0.514
"The Ames Brothers","Sentimental Me",1950,4853,48,0.514
"Information Society","What's On Your Mind (Pure Energy)",1988,4852,4185,0.700
"Quad City DJs","C'Mon Ride the Train",1996,4848,4453,1.064
"Soulja Boy","Kiss Me Thru The Phone",2009,4844,2973,0.515
"Amy Grant","Every Heartbeat",1991,4843,3748,0.577
"The Sandpipers","Guantanamera",1966,484,3435,0.520
"Bing Crosby","June in January",1934,4835,2834,0.523
"Air Supply","Lost in Love",1980,4834,4606,0.625
"LL Cool J","Hey Lover",1996,4833,3356,0.545
"Johnny Mathis","A Certain Smile",1958,4832,1453,0.534
"Don Costa","Never On Sunday",1960,483,3081,0.518
"Marion Harris","Tea For Two",1925,4822,3701,0.667
"Leila K & Rob 'n' Raz","Got to Get",1990,4821,1038,0.518
"Babyface","Everytime I Close My Eyes",1997,4821,3002,1.536
"Bobby Sherman","Little Woman",1969,4818,6049,0.510
"Mary J Blige","Real Love",1992,4818,4216,1.050
"Mariah Carey","Shake it Off",2005,4816,3964,0.520
"The Backstreet Boys","The Call",2001,4814,1567,0.571
"Arctic Monkeys","Brianstorm",2007,481,75,1.101
"Groove Theory","Tell Me",1995,4809,3006,0.571
"P Diddy & Nicole Scherzinger","Come to Me",2006,4808,1644,0.567
"Bing Crosby & The Mills Brothers","Dinah",1932,4807,29,0.537
"702","Where My Girls At?",1999,4806,3133,0.515
"Les Brown","I've Got My Love to Keep Me Warm",1949,4806,417,0.536
"The Chemical Brothers","Block Rockin' Beats",1997,4801,1224,1.520
"Richard Marx","Endless Summer Nights",1988,48,3123,0.512
"The Smashing Pumpkins","Bullet With Butterfly Wings",1995,4793,3033,0.526
"Smokey Robinson","Cruisin'",1980,4792,5279,0.542
"Peter Gabriel","Steam",1993,4792,1244,0.611
"4 The Cause","Stand By Me",1998,4788,512,0.516
"Prince","Diamonds & Pearls",1992,4786,2985,0.522
"Madonna","Jump",2006,4776,722,0.583
"Dion & The Belmonts","Where Or When",1960,4771,4775,0.529
"Xscape","Just Kickin' It",1993,4768,4525,0.545
"Ralph Tresvant","Sensitivity",1991,4765,362,2.012
"Grass Roots","Midnight Confessions",1968,4764,7445,0.511
"Shania Twain","From This Moment On",1998,4763,3192,0.525
"Climie Fisher","Love Changes Everything",1988,4761,744,0.515
"Jan Garber","Baby Face",1926,476,3561,0.750
"Cliff Edwards (Ukelele Ike)","Singin' in the Rain",1929,4759,3685,0.625
"The Commodores","Easy",1977,4759,4278,0.534
"Keith Sweat & Athena Cage","Nobody",1997,4757,3409,0.511
"The White Stripes","Blue Orchid",2005,4754,1236,0.700
"Stacie Orrico","There's Gotta Be More to Life",2003,4753,1598,0.526
"Blessid Union of Souls","I Believe",1995,4753,3374,1.045
"Joe Public","Live & Learn",1992,475,2866,1.073
"Europe","Superstitious",1988,4749,532,0.556
"Mariah Carey","I Still Believe",1999,4749,2691,1.082
"Madonna","Celebration",2009,4747,514,0.533
"Ben Selvin","Dardanella",1920,4746,3599,0.700
"Bing Crosby","Silent Night, Holy Night",1935,474,1914,0.010
"Oasis","All Around the World",1998,4738,2,0.750
"Counting Crows","A Long December",1996,4734,2306,1.029
"Benny Mardones","Into the Night",1980,4732,3252,1.047
"Wayne Wonder","No Letting Go",2003,4723,2163,0.611
"Kelly Clarkson","Never Again",2007,4722,2401,0.513
"Bee Gees","Tomorrow Tomorrow",1969,4715,1588,0.526
"Michelle Branch","Are You Happy Now",2003,4706,2881,0.833
"Will Smith","Just the Two of Us",1998,4706,2711,0.513
"Ginuwine","Pony",1997,4703,2594,0.510
"Duran Duran","Save a Prayer",1983,4703,1784,0.520
"Seals & Crofts","Summer Breeze",1972,4702,3607,0.513
"Bonnie Raitt","Love Sneakin' Up On You",1994,4696,2988,0.563
"Good Charlotte","Lifestyles of the Rich & Famous",2003,4696,1599,1.106
"Sean Paul","Gimme the Light",2002,4692,1823,0.516
"Barbara George","I Know (You Don't Love Me No More)",1962,4687,4544,0.511
"Lenny Kravitz","Again",2000,4686,2596,0.611
"Shalamar","The Second Time Around",1980,4682,4023,0.510
"Ruth Etting","Love Me Or Leave Me",1928,468,3725,0.514
"Oasis","Roll With It",1995,4679,1247,0.833
"Crowded House","Weather With You",1992,4679,1208,0.511
"Arrested Development","People Everyday",1992,4678,3111,0.522
"Britney Spears","If U Seek Amy",2009,4676,2633,0.545
"Celine Dion","I Drove All Night",2003,4676,522,0.667
"The Pet Shop Boys","Being Boring",1990,4674,702,1.268
"New Order","Regret",1993,4673,1759,1.866
"Bread","Guitar Man",1972,4669,2942,0.526
"Skid Row","18 & Life",1989,4669,3769,1.036
"Houston","I Like That",2004,4668,2379,0.563
"Dramatics","In The Rain",1972,4667,482,0.511
"Aerosmith","Angel",1988,4666,3507,0.510
"Mick Jagger","Sweet Thing",1993,4666,512,2.029
"Al Jolson","I'm Sitting On Top of the World",1926,4663,275,0.540
"Rupert Holmes","Him",1980,4661,338,1.042
"Oasis","Stop Crying Your Heart Out",2002,4659,716,1.500
"Martika","I Feel the Earth Move",1989,4657,1069,1.111
"White Plains","My Baby Loves Lovin'",1970,4656,3985,0.521
"Swing Out Sister","Am I the Same Girl",1992,4656,1039,2.525
"Peter Cetera & Cher","After All",1989,4651,4775,0.700
"Pat Boone","I Almost Lost My Mind",1956,465,4327,0.510
"Inner City","Good Life",1989,4642,1215,0.523
"Kenny G","Songbird",1987,4642,3023,1.077
"David Bowie","Jump They Say",1993,4641,2,2.015
"Natalie Cole","Miss You Like Crazy",1989,464,2187,1.222
"Expose","Seasons Change",1988,464,4173,0.527
"Jon Secada","If You Go",1994,4635,2282,1.080
"Hole","Celebrity Skin",1998,4635,1724,1.515
"Swing Out Sister","Breakout",1987,4634,1897,1.048
"Pebbles","Giving You the Benefit",1990,4633,2304,2.011
"Blue Magic","Sideshow",1974,4631,5255,0.540
"John Lee Hooker","Boom Boom",1962,4631,5256,0.519
"Oasis","Some Might Say",1995,4631,1249,0.520
"Avril Lavigne","Losing Grip",2003,4626,2494,0.583
"Manu Chao","Me gustas tu",2001,4625,15,0.514
"Mr Big","Wild World",1993,4621,1047,1.167
"Bing Crosby","Please",1932,462,2694,0.519
"Bobby Vinton","There! I've Said it Again",1964,4615,5237,0.516
"Mary Mary","Shackles (Praise You)",2000,4611,1056,1.083
"Frankie Laine","Hey Joe",1953,4606,2058,0.511
"Calloway","I Wanna Be Rich",1990,4605,4739,0.700
"Warrant","Heaven",1989,4602,4519,0.540
"Barenaked Ladies","It's All Been Done",1999,4601,2793,0.537
"Peggy Lee","Golden Earrings",1947,4599,3074,0.525
"Rita Coolidge","We're All Alone",1977,4598,3687,0.531
"Keith Carradine","I'm Easy",1976,4598,6178,0.519
"Cornershop","Brimful of Asha",1998,4592,703,1.172
"Nat King Cole","Answer Me, My Love",1954,4591,2732,0.515
"Sweet Sensation","Sad Sweet Dreamer",1975,4589,1622,0.516
"The Eurythmics","Love is a Stranger",1983,4588,1773,0.517
"Ella Fitzgerald & The Ink Spots","I'm Beginning to See The Light",1945,4584,1914,0.520
"The Foo Fighters","Learn to Fly",1999,4578,2019,1.110
"Enya","Anywhere Is",1995,4578,625,2.014
"Ice Cube","It Was a Good Day",1993,4574,3564,0.512
"Ray Noble","Isle of Capri",1935,4574,3625,0.518
"The Manic Street Preachers","If You Tolerate This Your Children Will Be Next",1998,4574,703,0.611
"Eternal","Stay",1994,4573,1584,1.526
"Stevie Wonder","My Cherie Amour",1969,4572,707,0.538
"Paramore","Misery Business",2008,4572,3512,0.514
"Billy Eckstine","I Apologize",1951,4571,4508,0.512
"Sting","Let Your Soul Be Your Pilot",1996,4567,512,2.011
"INXS","Elegantly Wasted",1997,4564,1028,1.102
"Lionel Richie","Do it to Me",1992,4563,1058,1.696
"Rhythm Heritage","Theme from 'SWAT'",1976,4561,6086,0.513
"MC Hammer","Addam's Groove",1992,4559,2413,0.516
"A-Ha","Crying in the Rain",1990,4546,2,0.591
"Kanye West","Diamonds From Sierra Leone",2005,4545,2511,0.545
"Mary J Blige","No More Drama",2002,4543,2106,0.524
"Tina Arena","Chains",1995,4542,1043,1.029
"Johnnie Ray","I'll Never Fall in Love Again",1959,4542,713,0.524
"Soul II Soul","A Dream's a Dream",1990,454,512,1.137
"2 In A Room","Wiggle It",1991,4539,1847,1.054
"10,000 Maniacs","Because the Night",1994,4538,2159,1.554
"Peter Bjorn & John","Young Folks",2006,4535,2298,2.028
"Charles Aznavour","She",1974,4535,729,0.521
"The Caesars","Jerk it Out",2003,4535,209,1.088
"The Carpenters","Only Yesterday",1975,4533,2953,0.550
"Janet Jackson","Any Time, Any Place",1994,4532,4115,0.526
"Simple Plan","Welcome to My Life",2004,4526,2313,0.700
"Les Baxter & his Orchestra","April In Portugal (The Whisp'ring Serenade)",1953,4522,4393,0.534
"Elton John & Kiki Dee","True Love",1993,4522,518,1.349
"SWV","I'm So Into You",1993,4519,4177,0.556
"Mike & The Mechanics","All I Need is a Miracle",1986,4517,2959,0.517
"Buddy Clark","Peg o' My Heart",1947,4517,398,0.531
"Black Box","I Don't Know Anybody Else",1990,4516,543,0.567
"Nelly","Flap Your Wings",2004,4515,1269,0.543
"Ray, Goodman & Brown","Special Lady",1980,451,5269,0.521
"Mariah Carey","Make it Happen",1992,4508,2901,1.059
"Depeche Mode","It's No Good",1997,4508,727,0.534
"Def Leppard","When Love & Hate Collide",1995,4507,517,0.538
"The Fontane Sisters","Heart of Stone",1955,4505,4821,0.513
"Cheryl Lynn","Got To Be Real",1979,4505,5213,0.534
"Kenny Rogers","She Believes (In Me)",1979,45,4823,0.525
"The Backstreet Boys","Inconsolable",2007,4498,512,1.886
"Robyn","Do You Know (What It Takes)",1997,4494,3065,0.515
"Tevin Campbell","Tell Me What You Want Me To Do",1992,4493,302,1.184
"Paul Anka","I Don't Like To Sleep Alone",1975,4492,2777,0.528
"Lasgo","Something",2001,4486,1054,0.577
"Georgia Gibbs","Tweedle Dee",1955,4485,3679,0.518
"Lenny Kravitz","I'll Be Waiting",2008,4485,514,1.046
"Bing Crosby","Out of Nowhere",1931,4481,2654,0.518
"Roberta Flack & Donny Hathaway","Where is the Love?",1972,448,441,0.513
"Sheryl Crow","The First Cut is the Deepest",2003,4478,2906,0.625
"Marty Balin","Hearts",1981,4478,3328,0.522
"Lisa Lisa & Cult Jam","Lost In Emotion",1987,4476,4402,0.516
"Rose Royce","Love Don't Live Here Anymore",1978,4472,1587,0.510
"2 Unlimited","Twilight Zone",1992,4468,1111,1.060
"N Sync","This I Promise You",2000,4463,2297,1.034
"Justin Timberlake","Senorita",2003,4461,2158,0.511
"New Edition","Candy Girl",1983,4459,1065,0.514
"Glenn Miller","Moonlight Becomes You",1942,4458,1855,0.511
"Celine Dion","Where Does My Heart Beat Now",1991,4458,2851,1.158
"Sylvester","You Make Me Feel (Mighty Real)",1978,4456,1229,0.511
"Perry Como","Tina Marie",1955,4454,2443,0.511
"Annie Lennox","Walking On Broken Glass",1992,4448,1089,0.567
"Eddie Cantor","Margie",1921,4448,3386,0.643
"Rudy Vallee & his Connecticut Yankees","Stein Song (University of Maine)",1930,4445,3482,0.543
"Bobby Brown","Don't Be Cruel",1988,4442,2932,0.515
"Jimmy Dorsey","So Rare",1957,4436,3122,0.520
"Enigma","Beyond the Invisible",1996,4433,1103,1.000
"Genesis","In Too Deep",1987,4429,2937,0.517
"Damn Yankees","High Enough",1991,4426,3726,0.591
"Michael Bolton","How Can We Be Lovers",1990,4426,2393,0.667
"Maroon 5","Wake Up Call",2007,4426,2117,0.511
"Freddie Mercury","I Was Born to Love You",1985,4423,513,1.595
"The Rolling Stones","Love is Strong",1994,4421,511,1.372
"Simply Red","Stars",1992,4419,723,1.138
"Madonna","Get Together",2006,4404,738,0.517
"Pharrell Williams","Frontin'",2003,4401,2273,0.750
"Maxi Priest & Shaggy","That Girl",1996,4399,2101,0.534
"Kardinal Offishall","Dangerous",2008,4399,2842,0.513
"Charlie Gracie","Butterfly",1957,4398,1923,0.510
"The Manhattans","Shining Star",1980,4396,5566,0.522
"Dick Haymes","Little White Lies",1948,4396,2667,0.513
"Enrique Iglesias","Be With You",2000,4391,3104,0.529
"Paul Whiteman","The Birth of the Blues",1926,4391,3414,0.563
"Prince","My Name is Prince",1992,4383,528,2.018
"The Bangles","In Your Room",1988,4375,297,1.212
"SWV","You're the One",1996,4372,2504,1.500
"Huey Lewis & The News","Perfect World",1988,4372,2397,0.511
"John Mayer","No Such Thing",2002,4371,3399,0.537
"The Cranberries","Ode to My Family",1995,4366,712,0.534
"Brenda Russell","Piano in the Dark",1988,4365,2204,0.750
"Andru Donalds","Mishale",1995,4363,1041,1.513
"Michael Jackson","Stranger in Moscow",1996,4358,511,0.534
"Bruce Springsteen","Secret Garden",1997,4355,21,0.511
"Blur","Girls & Boys",1994,4352,1743,1.207
"Radiohead","Fake Plastic Trees",1995,4352,288,0.513
"Jack Johnson","Sitting, Waiting, Wishing",2005,435,2215,1.347
"Queen","I Want it All",1989,4349,72,0.523
"Dire Straits","Calling Elvis",1991,4347,2,0.577
"Gloria Estefan","Reach",1996,4339,1041,1.369
"Red Hot Chili Peppers","The Zephyr Song",2002,4336,1233,1.038
"Sean Paul","I'm Still in Love With You",2004,4332,2114,0.511
"Madonna","Keep it Together",1990,4332,1889,1.116
"Boyz II Men","Motown Philly",1991,4331,402,0.519
"R Kelly","The World's Greatest",2002,433,529,0.524
"Luther Vandross","Here & Now",1990,4329,4533,0.553
"Ugly Kid Joe","Everything About You",1992,4329,1836,0.510
"Foxy","Get Off",1978,4328,2789,0.538
"Alice Cooper","How You Gonna See Me Now",1978,4328,2351,0.523
"Robert John","The Lion Sleeps Tonight",1972,4327,4839,0.510
"Cover Girls","Wishing On a Star",1992,4327,2184,1.134
"Bon Jovi","In These Arms",1993,4323,105,1.025
"Harry James","Mister Five By Five",1943,4321,3812,0.512
"Sisqo","Incomplete",2000,4318,294,0.512
"Radiohead","High & Dry",1995,4316,2239,0.625
"Nicolette Larson","Lotta Love",1979,4316,2809,1.032
"Breathe","How Can I Fall",1988,4314,2447,0.833
"Suede","Trash",1996,4313,702,1.122
"REM","Bad Day",2003,431,2,0.600
"Avril Lavigne","Keep Holding On",2007,4308,3001,1.046
"Paul Whiteman","Valencia",1926,4303,3365,0.532
"2 Unlimited","Get Ready For This",1992,43,536,1.582
"Queen","The Show Must Go On",1991,4297,1463,0.512
"Mariah Carey","I Don't Wanna Cry",1991,4295,4274,1.117
"Al Hirt","Java",1964,4293,4092,0.511
"Holly Johnson","Love Train",1989,4291,515,0.567
"Nick Lucas","Tip Toe Thru' The Tulips With Me",1929,429,3327,0.559
"Michael Jackson","One More Chance",2003,429,712,1.500
"Prince","Partyman",1989,4285,2013,1.396
"Lenny Kravitz","Rock 'n' Roll Is Dead",1995,4283,513,2.042
"Bowling For Soup","1985",2004,4282,3844,0.525
"Michelle Branch","Everywhere",2001,4279,2371,0.583
"Lauryn Hill","Ex-Factor",1999,4274,1564,1.500
"Vertical Horizon","Everything You Want",2000,4273,3554,0.510
"Hilary Duff","So Yesterday",2003,4273,1549,0.567
"The Chemical Brothers","Setting Sun",1996,4272,1732,0.533
"The Beatles","Do You Want to Know a Secret?",1964,4272,5695,0.537
"Madonna","Rescue Me",1991,4271,2083,0.667
"New Edition","Hit Me Off",1996,4271,2095,1.217
"Michael Jackson","Who is It",1992,4271,1096,0.523
"Alcazar","Crying At the Discoteque",2001,427,526,0.531
"The Commodores","Sweet Love",1976,427,3964,0.512
"Tears For Fears","Break it Down Again",1993,4268,1766,1.046
"Sting","We'll Be Together",1987,4264,2186,1.032
"George Michael","Outside",1998,4262,2,0.600
"Wyclef Jean & Claudette Ortiz","Two Wrongs",2002,4261,536,0.515
"Bon Jovi","(You Want To) make A Memory",2007,4261,1287,0.667
"The Village People","Macho Man",1978,4259,3434,0.534
"Celine Dion","Taking Chances",2007,4258,1036,0.625
"Ketty Lester","Love Letters",1962,4255,3999,0.510
"Silvana Mangano","Anna (The Baion)",1953,4255,2234,0.524
"Tony Martin","There's No Tomorrow",1949,4252,3633,0.525
"Lisa Loeb & Nine Stories","I Do",1997,4248,1602,1.518
"Mika","Love Today",2007,4248,511,0.522
"Roxette","Dressed For Success",1989,4247,1078,0.750
"Elton John","Empty Garden (Hey Hey Johnny)",1982,4245,263,0.526
"Oasis","Live Forever",1994,4239,1277,0.643
"Glenn Miller","Pennsylvania 6-5000",1940,4239,3569,0.540
"Gary Moore","Still Got the Blues (For You)",1990,4238,51,0.526
"Gary Puckett & The Union Gap","Over You",1968,4238,5647,0.513
"Junior Walker & The All-Stars","What Does it Take (To Win Your Love)",1969,4238,6302,0.510
"Weezer","Beverly Hills",2005,4232,3557,0.700
"Katy Perry","Thinking of You",2009,4229,156,0.521
"Chris Brown","Yo! (Excuse Me Miss)",2006,4224,2584,0.512
"Rudy Vallee & his Connecticut Yankees","Honey",1929,4218,3297,0.523
"The Scorpions","Still Loving You",1984,4217,1029,0.522
"Janet Jackson","Just a Little While",2004,4215,1035,2.083
"Chris Cornell","You Know My Name",2006,4209,713,0.512
"Little River Band","Reminiscing",1978,4206,3857,0.513
"Ce Ce Peniston","I'm in the Mood",1994,4205,1045,2.019
"REM","Leaving New York",2004,4205,2,0.545
"Xavier Cugat","Brazil (Aquarela do Brasil)",1943,4205,3645,0.556
"Keane","Somewhere Only We Know",2004,4205,2033,0.833
"Ozzy Osbourne","Dreamer",2002,4204,711,0.511
"Janet Jackson","I Get Lonely",1998,4202,2673,0.511
"Blur","The Universal",1995,4198,1215,0.510
"Garbage","The World is Not Enough",1999,4197,713,0.550
"Kanye West","Through the Wire",2004,4196,2898,0.543
"Mis-Teeq","Scandalous",2003,419,1578,0.515
"Fred Waring & the Pennsylvanians","Sleep",1924,4189,3269,0.525
"Jade","Every Day Of The Week",1995,4188,2633,0.518
"Edie Brickell & The New Bohemians","What I Am",1989,4186,22,1.070
"Neneh Cherry","Manchild",1989,4184,701,0.537
"Babyface","When Can I See You?",1994,4183,3754,0.525
"BLACKstreet & Mya","Take Me There",1998,4183,1598,0.567
"The Darkness","Christmas Time (Don't Let the Bells End)",2003,4179,728,0.556
"Sting","When We Dance",1994,4178,1043,1.188
"Instant Funk","I Got My Mind Made Up",1979,4176,3383,0.512
"Boyz II Men","It's So Hard to Say Goodbye to Yesterday",1991,4174,4807,0.577
"The Weather Girls","It's Raining Men",1983,4174,2032,0.520
"Hootie & The Blowfish","Hold My Hand",1995,4174,2802,1.023
"Blues Traveler","Run Around",1995,4169,3703,1.032
"Sugar Ray","When It's Over",2001,4169,2161,1.516
"David Seville & The Chipmunks","The Chipmunk Song (Christmas Don't Be Late)",1958,4167,3115,0.010
"Boy George","The Crying Game",1993,4166,1279,0.528
"NERD","She Wants to Move",2004,4166,523,1.577
"Barry Manilow","Ready To Take A Chance",1978,4164,3734,0.511
"Justin Timberlake","Summer Love",2007,4164,4307,0.510
"Dick Haymes","Mam'selle",1947,4164,1583,0.515
"Erykah Badu","On & On",1997,4164,3389,0.563
"Will Smith","Will 2K",1999,4164,1067,1.000
"K7","Come Baby Come",1994,4162,2306,0.513
"O C Smith","Little Green Apples",1968,416,6535,0.530
"Lyte Funkie Ones","Summer Girls",1999,4158,3385,0.520
"Ted Weems","Somebody Stole My Gal",1924,4158,3237,0.529
"John Mayer","Waiting on the World to Change",2006,4156,4931,0.600
"Dru Hill","In My Bed",1997,4156,2187,0.510
"Nirvana","Heart-Shaped Box",1993,4155,2143,0.583
"Roxette","Wish I Could Fly",1999,4153,2,0.531
"K-Ci & JoJo","Tell Me It's Real",1999,4151,2035,1.141
"Rihanna","If It's Lovin' That You Want",2005,415,1573,0.510
"Al Jolson","All Alone",1925,415,3211,0.548
"Inner Circle","Games People Play",1994,4149,512,1.700
